company name,contact number,area,company description
شركة اللبنة للإستشارات الهندسية,218 21-3622852,V5RW+6FF,Architect
شركة حسن عبيدة و شركاؤه للاعمال الهندسية و ادارة المشروعات,218 92-7966272,,Architecture firm
Modern International Company for trucks and spare parts,218 51-2623814,84Q3+P9R,Auto parts store
Zarrugh Showroom,218 21-3401911,Al Jraba St,Bathroom remodeler
النعمي للمواد الصحية,218 91-0000000,W63X+G29,Bathroom supply store
Libya Baitna for Importing Building Materials,218 91-2115957,"9435+JFM، مصراتة‎،",Building materials store
Biout aleaz,218 91-2173037,,Building materials supplier
Al-Madina International Company for importing hardware,218 91-2146902,,Business center
الوسيط لاستيراد السيارت,218 91-0601133,449R+HFF,Car dealer
شركة خيبر لاستيراد وسائل النقل Khaibar Company for importing Transportation,218 91-2142227,"R2J9+QM6, The Coastal Rd",Car dealer
العقارية للسيراميك والمواد الصحية,218 91-9895212,R29M+CP9,Ceramics wholesaler
Alraae معرض الراعى للسراميك,218 92-0021500,V6VV+W23,Ceramics wholesaler
Electron International for Importing Digital Systems and Information Technology LTD,218 92-5435887,Jaraba St,Computer consultant
MAPEI,218 91-8567686,11 June Street,Concrete contractor
شركة المحيط الرائدة,218 91-8015511,"V473+4XR، طرابلس،",Construction company
Houses Ezz Import Company Building Materials,218 91-2130730,,Corporate office
Alkema Albahra Company For Importing Building Materials,218 91-2135688,84W3+CF4,Corporate office
BERNIQ For The Importation of Industrial Machinery & Equipment,218 91-3261169,35XX+8W6,Corporate office
Adwaa Acacus for Food Import,,,Corporate office
ALTHEQAH FOR IMPORT FOOD SUPPLEMENT,,"AL ZYTUNA Aria, ANTAKIA Str. PO Box: 13060",Corporate office
شركة الجوهرة اللامعة,218 91-2122588,"83P8+JH7, Airport Road،",Cosmetics wholesaler
Saraha Technologies - الصراحة للتكنولوجيا,218 91-1452000,Al Nasr St,Electronics store
Greenland Medical Supplies,218 91-0266665,,Equipment importer
المثالية لاستيراد المعدات الالكترونية و الكهربائية,218 91-0334167,"شارع البلدية، خلف شركة الكهرباء، الظهرة",Equipment importer
Alrasana Co.الرصانة للألات الثقيلة,218 91-3685141,,Equipment importer
Alfa Healthcare شركة ألفا,,Tariq Al' Arubah Al U'rouba Hwy,Equipment importer
السوق الاوروبي للجديد و المستعمل فرع الكريميا,,"طريق غريان،الكريميا قرب شارع اصانب،",Equipment importer
سوق الاوروبي للات ثقيلة و تكيف وتبريد,,"طريق غريان،، جنزور،،",Equipment importer
الميثاق الدولية,,RF47+97,Equipment importer
alkhalijia company,,,Equipment importer
Health Queen,,,Equipment importer
Home-Garden-Access,218 91-3100242,"Bader ST, 101 Gaswit",Flooring store
شركة البساتين للأثاث,,V5PR+VGG,Furniture wholesaler
BLUM,218 91-4455544,Jamaa Assaqaa Rd,Home goods store
Almohet شركة المحيط الرائدة,218 91-8035511,"94G7+X3M، شارع الدم",Home goods store
Upscale cooperation company,218 51-2617205,93FC+W52,Import export company
"شركة القدرة القابضة, مصراتة‎",218 51-2653682,83MG+QR6,Import export company
شركة مباني القابضة,218 69-5706726,"QPCV+HGM، Um al-safadaf Road،",Import export company
شركة نبع الخيرات لاستيراد وتوزيع المواد الغذائية,218 91-0018505,"33HH+8PC، محطة الوقود، بوعطني، شارع البيبسي، قرب،",Import export company
شركة الراوي لإستيراد المعدات الزراعيه والمضخات,218 91-0066211,الدائري الرابع شارع الزراعية,Import export company
شركة مسار الصريم لاستيراد المعدات الرياضية والمكملات الغذائية,218 91-0551133,,Import export company
شركة المستقبل الرائد للرخام والجرانيت بنغازي فرع شبنة,218 91-0913534,"مفترق الزيت، بنغازي -شبنة",Import export company
اللموشي لسجاد رويال كاربيت,218 91-0927772,"V6H7+3WX، منطقة جامع الصقع،",Import export company
شركه ابراج النعيم,218 91-1005300,"83VV+M6C، الطريق الساحلي",Import export company
شركة التقدم للأدوات الصحية والتدفئة المركزية,218 91-1100037,شارع المجمدات - بالقرب من النقل الثقيل مصراته,Import export company
Althuraya golden co,218 91-1300404,Gaser Ahmed Rd,Import export company
معرض شركة الآمان الدولية لإستيراد الشاحنات,218 91-1590055,83GX+6PJ,Import export company
شركة ليث الدولية لأستيراد السيارات وقطع غيارها,218 91-1717000,"93HH+7R2، الطريق الدائري الثاني، مصراتة‎،",Import export company
زيوت زيك - دروب ليبيا,218 91-1802200,طريق النقل الثقيل,Import export company
Rio Libya Company for Import and Export,218 91-2092846,الدائري الرابع بالقرب من كلية الاسنان,Import export company
شركة ايتار الدولية,218 91-2101139,"خلف، شارع طرابلس، مصراتة‎،",Import export company
شركة دفق للاستيراد والتصدير,218 91-2112603,"92J5+829، Unnamed Road, مصراتة‎،",Import export company
شركة تارسين الأولى للأثاث المكتبي وتجهيز المباني الإدارية 3D,218 91-2128535,الطريق الساحلي,Import export company
YEDDER COMPANY FOR IMPORT,218 91-2137034,"مبنى أمان - الدور الاول، شارع الهلال بالقرب من جزيرة الاسرة السعيدة مقابل مستوصف بالراس علي ،",Import export company
شركة أتيل لإستيراد وسائل النقل المختلفة,218 91-2152105,طريق النقل الثقيل,Import export company
شركة جلوبل الليبية,218 91-2167791,"مصراتة - اقزير، الطريق الساحلي",Import export company
شركة الزين الدولية,218 91-2180010,طريق الصوالح,Import export company
شركة العالمية المتميزة,218 91-2243466,84PG+WRH,Import export company
شركة العالمية المتميزة,218 91-2243466,طريق النقل الثقيل,Import export company
شركة المصدر الأمين لقطع غيار الشاحنات,218 91-2882226,طريق النقل الثقيل 4.5كم من الاشارة الضوئية الساحلى,Import export company
شركة زاد الخير للسيارات,218 91-3009998,9346+96V,Import export company
شركة خطوط الأمان للشحن والإستيراد والخدمات التجاريه,218 91-3035856,"R2MJ+4MV, Alsaaha alshaebia Rd, Traffic Light Si Abdel Jalil Eastern Janzur , The Coastal Rd , Tripoli",Import export company
شركة الكوثر للشحن البضائع,218 91-3231455,84G4+FJ7,Import export company
شركة الوئام التجارية لإستيراد المواد الغذائية,218 91-3242051,924M+5QG,Import export company
استيراد الأثاث,218 91-3748372,"الطابق الثالث، مصراته - الدائري الثالث - مبنى هامان",Import export company
شركة جوالي للتقنية الحديثة,218 91-3809000,شارع مرباط,Import export company
مركز دار السلام لخدمات الحاسب الآلي,218 91-4081045,"مجمع الحسابات العسكرية, شارع طه حسين",Import export company
Smart Medical Group,218 91-4208018,3358+4MX,Import export company
صالة الرغد للاستيراد والتصدير لجميع الأجهزة الكهرومنزلية,218 91-4227080,طريق قرجي,Import export company
شركة العرفي لإستيراد السيارات والالات الثقيلة,218 91-4494182,,Import export company
شركة اليانسون الدولية,218 91-4771100,Ansar Wasieayat Albidiri,Import export company
شركة المسطحات الخضراء,218 91-4800001,"الطريق الدائري الرابع ، تقاطع مدخل مصراتة القديم",Import export company
شركة الشوف للصناعات الخرسانية.. .خلاطة....,218 91-5009797,"X4XG+MFC، Unnamed Road, بنغازي،",Import export company
شركة روافد ليبيا للتصدير و الاستيراد,218 91-5435319,,Import export company
شركة الطاقة الحديثة,218 91-5915050,83XH+26H,Import export company
Alkhebra group importing & Distribution,218 91-5977770,Commodity Supply Complex,Import export company
شركة الميسم الدولية,218 91-6633399,84HV+M27,Import export company
مكتب 911 لاستيراد السيارات,218 91-6669911,خلف صيدلية بوزريبة,Import export company
شركة الجودة الرائدة,218 91-7101524,"مصنع الريحان, بوعطني - طريق المطار - بجانب",Import export company
مطحن باله للبن,218 91-7404573,"33MR+H5H, First Ring Rd",Import export company
شركة دار المزاد,218 91-7550606,"V5QR+4C8، خلف قصر الملك،",Import export company
شركة الرصيفة العالمية للرخام والجرانيت مصرانة,218 91-7661575,953M+6QH,Import export company
الشركةالعالمية المكينه الخياطه,218 91-8617919,44G2+FRC,Import export company
شركة وادي الزعتر,218 91-8762155,شارع الحرية,Import export company
شركة الهتان لإستراد المواد الغذائية و التنظيف,218 91-8788896,Wardamh Rode,Import export company
شركة الرواد لإستيراد السيارات من امريكا و كندا,218 91-9090452,"جزيرة العلم، مصراته بالقرب من",Import export company
المجهر لاستيراد المعدات الطبية ومستلزمات المختبرات الطبية,218 91-9373410,935F+JHJ,Import export company
شركة المحور الطبي لاستيراد المستلزمات والمعدات الطبية,218 91-9603787,"V5HX+5CC، Unnamed Road، طرابلس،",Import export company
شركة نسمة الموزع الرسمي لمنتجات شركة دايكن DAIKIN اليابانية,218 91-9993068,"تم الانتقال مؤقتا إلى طريق قصور الضيافه طرابلس، شارع ابو هريدة",Import export company
Modern House,218 92-0105379,Fourth Ring Rd,Import export company
شركة النجمة الماسية للصالونات العربية والافرنجية والفرش الارضى والعجمي,218 92-1572528,سوق المصرية مقابل جامع ارض الحراسة,Import export company
البيت الحديث,218 92-3025505,"QP4Q+H32, شارع العروبة /بجانب جامع بلال بن رباح/ بجانب مصرف الجمهورية",Import export company
شركة الديوان - Al Diwan Company,218 92-3650411,"شارع، خالد أبن الوليد",Import export company
شركة آلما لإستيراد الأدوية والمعدات الطبية,218 92-3886007,"الشيل العسكري, بن يونس مقابل",Import export company
شركة عالم التكنولوجيا الحديثة,218 92-4315956,"34VQ+W8F، طريق النهر",Import export company
شركه كنده للاستراد السيارات و الاطارات والنضائد وقطع الغيار,218 92-5103665,43PM+27F,Import export company
شركة عمر المختار للصرافه ونقل الركاب,218 92-5449322,"QP5H+PW7، حي رويفع الانصاري،",Import export company
شركة السلفيوم لاستراد الادوية والمعدات البيطريه,218 92-5571546,,Import export company
شركة الاصيل لاستيراد مواد التنظيف بالجمله,218 92-5768503,,Import export company
شركة الانطلاقه لأستراد السيارات الكوريه و الاوروبيه و الامريكيه,218 92-5997380,"العروبة،",Import export company
عوين للعطور,218 92-6177685,,Import export company
عالم السيارات لإستيراد السيارات الأمريكية,218 92-7165493,93HR+XHX المقاوبة,Import export company
شركة كرمان الدولية,218 92-7198826,"بالقرب من مسجد الكميشي، غريان / تغسات",Import export company
محل علي الشاوش,218 92-7264034,"446F+238، Unnamed Road, بنغازي،",Import export company
شركة المنصور للتعهدات التموينية,218 92-7794508,44QQ+273,Import export company
شركة المستقبل الرائد للرخام والجرانيت بنغازي فرع القوارشة,218 94-2841264,بنغازي -القوارشة بعد جزيرة الانابيب,Import export company
خيرات لاستيراد المواد الغذائية,218 94-4857988,بوعطني,Import export company
شركة اسلنطة للاستيراد التصدير,,34V2+653,Import export company
شركة الريشة الذهبية لاستيراد وتوزيع المواد الغذائيه,,,Import export company
Ocean Company,,"847J+MJ3، الحامية",Import export company
شركة الزيتونة الخضراء,,"9338+C9J، Unnamed Road, مصراتة‎،",Import export company
شركة ابواب الخير للابواب والمطابخ,,,Import export company
شركة المستقبل الحديث لإستيراد المواد الغذائية,,924Q+QJV,Import export company
شركة التواصل,,"936X+4X3، شارع سعدون السويحلي",Import export company
Ajmamh company to import food,,QQF5+JFX,Import export company
شركة السيف المهند,,"743F+VRJ، الطريق الساحلي، مصراتة‎،",Import export company
OS company to bright parts and Alndhaid his sentences,,QH4M+RWJ,Import export company
شركة الوسام الذهبي المقر الادارى,,"V6P8+R9G، شارع أحمد رفيق المهدوي",Import export company
شركه ابراج ليبيا,,"246G+QR9، الفويهات،",Import export company
مجموعة البراري لاستيراد المواد الغذائية,,"شارع الخرطوم،",Import export company
شركة الجيل القادم لإستيراد الأدوية و المعدات الطبية - فرع بنغازي,,"34P2+VGQ، الفويهات الشمالي،",Import export company
شركة أمازون للحوم المجمدة,,"54HQ+34P، Unnamed Road, بنغازي،",Import export company
شركة الزاوية للمستلزمات والمعدات الزراعية,,QM5Q+WWC,Import export company
شركة السلفيوم الوطنية لاستيراد المعدات الطبية و مستلزماتها,,"44C3+J9F، شارع سوريا ، بنغازي ،",Import export company
شركة كرستال لاستيراد المواد الكهربائية,,"457F+P2H، Unnamed Road, بنغازي،",Import export company
شركة النهضة الليبية لاستيراد وسائل النقل المختلفة وقطع غيرها,,74V9+RV6,Import export company
شركة النخيل لاستيراد المعدات الزراعية,,"QM3M+G96, The Coastal Rd",Import export company
شركة البناء المتين لإستيراد مواد البناء,,"الحرشة،",Import export company
شركة شيناه,,"34J4+JPH، الفويهات الشمالي،، بنغازي،",Import export company
ويكس wyx الموجة الجديدة,,"947M+52R، مصراتة‎،",Import export company
شركة الكوف لاستيراد المواد الغذائية,,24C3+VJC,Import export company
شركة البتول العالمية,,43GX+9C9,Import export company
شركة النهظة الليبية,,74V9+RRH,Import export company
شركة محمود سعيد,,83GX+6PJ,Import export company
شركة عاصمة الأعمار,,83WH+JRM,Import export company
شركة الميتال METAL,,QCJV+CH3,Import export company
طروش لقص وتركيب الزجاج,,"QP2P+8G3، شارع القرضابية، الزاوية،",Import export company
شركة عابرات الرمال لاستراد السيارات وقطع الغيار,,"QP2Q+W8P، حي السوق القديم،",Import export company
شركة غوط البوصالي لاستيراد الاثاث,,"QP5P+7MQ، حي السوق القديم،",Import export company
المكتب الامريكي لاستيراد السيارات,,"QP5P+X6C، شارع عمر المختار، الزاوية،",Import export company
شركة العلامة الماسية,,"الزاوية - شارع الجملة - طريق، الخياطين",Import export company
معرض الجودة الفائقة,,الفعكات,Import export company
شركه ابراج ليبيا لبيع حديد التسليح والأسمنت,,"الفويهات،",Import export company
مجموعة شركات مزايا ليبيا للأستراد والتصدير,,"المرسي, طريق الميناء",Import export company
شركة الممرالجديد لاستيراد السيارات,,صبراته المدينه,Import export company
الكترو ليبيا,,قرب مدخل مصراته الشرقي,Import export company
المداواة الليبية,,مخلوف,Import export company
TASSAKHEER GROUP,,"مصحة الفاروق, عمارة التامين /جنب",Import export company
شركه ينابيع الخير لاستيراد المواد الغذائيه,,"24J2+42، بنغازي،،",Import export company
شركة اكلين,,"33XQ+M57، الماجوري - شارع الفاتح امتداد شارع عبد الجليل، Benghazi, بنغازي،",Import export company
شركة زهرة الديزي,,"34P8+4XQ، البركة،",Import export company
شركة الاسطورة العالمية,,"4483+2HW، شارع العراق، خلف مستشفى العسكري",Import export company
شركة تبراج النعيم,,"925R+6PX، الطريق الساحلي،",Import export company
شركة رتاج الدولية,,"34R2+H72، Unnamed Road",Import export company
شركة الشرارة بنغازي لإستيراد السجاد والموكيت,,35MG+42,Import export company
السلمانيالشرقي,,44G2+HPG,Import export company
صالة الأجود للمواد الغذائية,,6556+6P6,Import export company
Alyakuta group company,,83GX+6PJ,Import export company
شركةرياض ليبيا لاستيراد وتوزيع المواد الغذائيه (مصراتة),,92CV+924,Import export company
مجموعة التاج,,953J+P5,Import export company
شركة دليل المستقبل,,PHW7+WMH,Import export company
الجودة 2 لقطع غيار السيارات الألمانية,,"PPWF+HHF، Unnamed Road،",Import export company
Qixin,,"PQF4+V9V، PQG4+7CP، الزاوية،",Import export company
شركة لمة الاخوه لاستيراد المواد الغذائية,,"Q36J+H93, Al-Sampa Street",Import export company
شركة الاخوة المبدعون لاستيراد مواد البناء,,"QGCW+MR4, Sabratha Coastal Road",Import export company
شركة شجرة الديكور,,QP4H+653,Import export company
International Investment Company for Importing Foodstuff,,"QP6V+P6R, Abraq Rd",Import export company
شركة القمة للاعمال الكهربائية,,"QQ4G+2MJ، Unnamed Road, البيضاء،، البيضاء،",Import export company
Nowarat Libya _ نوارات ليبيا,,Sahili Road Janzuor,Import export company
Alnaima,,,Import export company
جنات الخيرات لتصدير واستيراد المواد الغدائيه واللحوم,,,Import export company
شركة القاذف الفضي,,,Import export company
شركة مجموعة الخبرة,218 91-0918885,84Q7+JGF,Importer
شركة العلامة لاستيراد الأدوية,218 91-1287147,"مدرسة العالمية, جنزور المعاقين فتحة السراج بالقرب من",Importer
شركة الاستراد المواشى و الحوم,218 91-2010040,,Importer
استراد من الصين,218 91-3517465,,Importer
Otour Alwadi Group مجموعة عطور الوادي,218 91-5325411,Bin Ashour St,Importer
ابوفارس لاستيراد المواد الكهربائيه,218 91-8993399,,Importer
الوسيط للتجارة والشحن,218 92-4126104,"82WV+H3W، Unnamed Road",Importer
شركة الغذاء والدواء,218 92-8028077,,Importer
شركة الكنز لاستيراد المواد الغذائية,,QP4F+M2M,Importer
شركة الأندلس الأخضر,,"Q36H+MFM, شارع التوحيد المتفرع من شارع دبي الكريمية",Importer
شركة البادرة الدولية لاستراد السيارات الأمريكية,,"938V+V3X، الطريق الدائري الثاني",Importer
مكتب الدليل لاستيراد السيارات الأمريكية,,"44P9+JXJ، الدائري الرابع",Importer
المواسم للكهرومنزلية كورية,,موسي ابن نصير,Importer
AG,,Alnasser Street,Importer
Otour Alwadi Group مجموعة عطور الوادي,,Bin Ashour St,Importer
Diesel engine,,,Importer
شركة الباز الحر,,,Importer
Buhajar Jewellery,,"V4CC+99C, Gergarish Main Rd",Jewelry store
Buhdeima Paper Bags Factory,218 92-5110061,"Benghazi - Libya Buhdeima Assudan and, Fourth Ring Rd",Manufacturer
"AGS Worldwide Movers - Libya, Tripoli",218 21-7122289,"1185, Yussef Ibn Tashifin St",Moving company
WEMEK Enterprise for Trading and Marketing Services L.L.C.,218 94-4649189,"asnhadjo182zt@gmail com، طريق الشط، طرابلس،asnhadjo182zt@gmail، com",Office equipment supplier
Almansoura Furniture,218 21-3601008,,Office furniture store
شركة الاذريون,218 21-7108565,"قرقارش،",Pharmaceutical company
ALTAKNIA ALDAWLIA Co Tdpharma,218 94-4888782,V6W9+H6,Pharmaceutical company
Eklil Health Care,,Aldol St,Pharmaceutical products wholesaler
شركة الهدف الصيدلانية للأدوية و المعدات الطبية,218 92-8001952,Salah aldin,Pharmacy
World seas,218 91-4385837,"Aljama Alaly Blding, Block (A), Flat (1",Shipping company
LibMar Shipping Agency,218 92-7453309,93HX+243,Shipping company
اسكو الملاحية - ASCO SHIPPING,,جامع الشيخ,Shipping company
Tripolitania Shipping Company Ltd,218 21-7164482,V4GM+2WQ,Shipping service
Libya mar Shipping Agency & Maritime services,218 91-3752613,"93HX+243، عمارات الجامع العالي",Shipping service
Holiday,218 91-1034800,V5HX+3Q4,Shopping mall
شركة الازدهار لاستيراد المواد الصحية والكهربائية,218 91-3248636,"مصراتة‎،",Shopping mall
مركز انفستور التجاري investor center,218 91-7912020,R2C6+VC8,Shopping mall
شركة أبطالنا لاستراد المعدات الرياضية,218 91-2202404,V4FW+95R,Sports accessories wholesaler
Abunawas stationery,218 91-3007161,,Stationery store
Alnorin company to import food,218 91-2092447,C24Q+P9R,Storage facility
LOTUS COMPANY FOR IMPORTING BUILDING MATERIALS,218 91-3260102,33CH+PC4,Store
DRSAF Company,218 91-3266133,"83GX+6PJ, Almojamdat stress",Tile store
Alalmeya,218 91-3736656,20th Ramadan Rd,Tile store
"Libyan family basket for importing foodstuffs, fruits, vegetables and frozen meat",218 92-2092604,Alpyate,Wholesale food store
AlRaied Group,218 21-4809910,3.5 Km Swani Road,Wholesaler
رابش مهند طنقور,,Alhamia street,الشركة المصنّعة لقطع غيار السيارات
الشركة الهاشمية لقطع غيار السيارات,,"FH53+Q8J, الطريق الساحلي،",الشركة المصنّعة لقطع غيار السيارات
لحوم ليبيا للصناعات الغذائية,218 21-3400610,"V6XC+J44, Unnamed Road",الشركة المصنّعة للمأكولات المجمدة
شركة الكنز لاستيراد المواد الغذائية,218 91-6412801,QP4F+M2M,المستورد
مكتب الدليل لاستيراد السيارات الأمريكية,,"44P9+JXJ، الدائري الرابع",المستورد
شركة الدولية المتجددة,218 91-2102497,"بالقرب من جامع اولاد الحاج, Awlad Bin al Haj St",آلة بيع الإلكترونيات
بنغازي,,439P+RQW,بناء منازل
شركة بن سعيد الدولية لإستيراد وتوزيع الالكترونيات,218 91-3115512,V6XM+3QM,تاجر الأجهزة الكهربائية بالجملة
شركة الهروج لاستيراد السيارات الامريكية,218 91-6101362,"3XJ9+76G, Gharyan Rd",تاجر السيارات
شركة بوابة الريان,218 91-6246602,"5-8 first road of Gazal Junction Aarada road, Aarada area",تاجر السيارات
بن شعبان لبيع السيارات,218 92-1131413,شط الهنشير,تاجر السيارات
شركة الرواد العالمية,218 91-1570074,"83JJ+R97، Unnamed Road, مصراتة‎،",تاجر جملة
شركة السياق المتميز لإستراد المواد الغذائية,218 91-2160039,"شارع الخرطوم، الزاوية، مقسم سعد الفلاح ،",تاجر جملة
شركة الانماء الدايم لاستيراد المولدات وقطع غيارها,218 91-3225666,92CQ+9C6,تاجر جملة
استيراد مواد غذائية,218 91-3302373,,تاجر جملة
شركة الإشراق لي مواد البناء,218 91-5160579,PPVR+7JJ,تاجر جملة
Arkan Ajadida Company,218 92-5039000,سوق الأدوية,تاجر جملة
شركة ورد ليبيا,,"V6CV+2VM, Second Ring Rd",تاجر جملة
شركة ذات العماد الأولية استيراد معدات الورش والمولدات,,"84V3+GVX، شارع سعدون، مصراتة‎،",تاجر جملة
شركة العقار الطبي الاستيراد الأدوية,,"V6P3+WPG، فشلوم، طرابلس،",تاجر جملة
شركة العقار الطبي الاستيراد الأدوية,,V5PR+VGG,تاجر جملة
مكتب الارادة لاستيراد السيارات,218 61-4787474,Fourth Ring Rd,تاجر سيارات
مكتب فينيسيا إستيراد السيارات الأمريكية وقطع الغيار,218 91-1109794,"33JP+9HG، بنغازي،",تاجر سيارات
معرض المطردي لاستراد السيارات,218 91-2105007,85X6+GFJ,تاجر سيارات
شركة الوكيل العالمية لاستيراد السيارات,218 91-2111732,"923X+599، Unnamed Road, مصراتة‎،",تاجر سيارات
شركة التجبيين لاستراد وتصدير السيارات وقطع غيارها,218 91-2113596,"شارع 20 رمضان، طرابلس،",تاجر سيارات
شركة الزين الدولية لاستيراد وتصدير السيارات,218 91-2138333,93F9+PHW,تاجر سيارات
شركة يوسبريدس الأستيراد السيارت,218 91-3096566,"9347+3RH, Tripoli St",تاجر سيارات
معرض مجموعة البرونزية لإستراد السيارات,218 91-4200929,طريق النقل الثقيل,تاجر سيارات
شركة العنوان المميز لإستيراد السيارات وقطع غيارها,218 91-4392127,"معهد أبن الهيثم, النوفليين _ شارع",تاجر سيارات
الريادة لاستيراد السيارات وقطع الغيار,218 91-4617398,Bin Ashour St,تاجر سيارات
شركة سما ليبيا لإستيراد السيارات,218 91-5697247,"فندق برونتو مباشرة، الطريق الدائري بعد",تاجر سيارات
حظيرة الفلك المشحون,218 91-8407257,952H+95P,تاجر سيارات
شركة أعالي البحار لإستراد السيارات و قطع الغيار,218 92-4512265,الطريق الدائري,تاجر سيارات
شركة النجمة لاستيراد السيارات وقطع غيارها,218 92-5100929,شارع الخليج,تاجر سيارات
شركة تبارك لاستيراد السيارات,218 92-5331652,"33V8+MJQ، Unnamed Road, بنغازي،",تاجر سيارات
معرض النيزك للسيارات,218 92-7002535,"V6QX+53H, 20th Ramadan Rd",تاجر سيارات
HADRIAN AUTO,218 92-8264418,"Libyan Petroleum Institute، Al-Seyahia near",تاجر سيارات
معرض 555 لتجارة السيارات الحديثة,218 92-9250555,طريق المدرية,تاجر سيارات
معرض المتوكل لاستيراد السيارات,218 94-4908615,Q672+M5F,تاجر سيارات
شركة التجبيين لبيع وشراء السيارات وقطع غيارها,,"V6MX+X47, 11 june street",تاجر سيارات
شركة الشاذلي الاستيراد السيارات الامريكية وجميع الموديلات,,"FH6G+5RV، شارع التحرير",تاجر سيارات
مكتب الاصدقاء لاستيراد السيارات,,الليثي مقابل محلات نادي بنغازي الجديده,تاجر سيارات
سيارات استيراد MZ,,"34P5+436، الفويهات الشمالي،",تاجر سيارات
شركة التوافق الاستيراد السيارات,,"Unnamed Road, إجدابيا،، إجدابيا،",تاجر سيارات
محل أوزو لبيع و استيراد السيارات و قطع غيارها,,محلات نادي التحدي,تاجر سيارات
شركة سبأ الاولى الاستيراد السيارات وقطع غيرها,,7GH9+CH3,تاجر سيارات
شركة سبأ الاولى الاستيراد السيارات,,FG89+QP8,تاجر سيارات
استيراد سيارة من كوريه الي ليبيا,218 92-0319582,,تاجر سيارات مستعملة
شركة خليج المتوسط الاولي لاستيراد السيارات والبضائع,218 92-2981979,"V6XV+5XF، الساحل، طرابلس،",تاجر سيارات مستعملة
مكتب بانوراما لإستراد السيارات من أمريكا وكندا,218 92-5572316,"93GW+M95، قرب، شارع الجامع العالي",تاجر سيارات مستعملة
شركة الرضا لإستيراد السيارات من المزادات الامريكية,218 92-5782559,Inhemed al Megharief St,تاجر سيارات مستعملة
شركة تكساس لإستيراد السيارات,,Q69Q+PFP,تاجر سيارات مستعملة
Winning Tires and Oils Car Company,218 91-5998755,"موقف السيارات (المختبر الطبي المرجعي، طرابلس شارع الزاوية - أمام",تصليح سيارات
شركة الوصية لخدمات للمستثمرين و رجال الأعمال و تأسيس الشركات,,"V6XV+6XQ، الساحل،",خدمات الاستثمار
شركة العالم للشحن الجوي والبحري والبري,218 91-8394005,,خدمات الشحن والتخليص الجمركي
مكتب الإصدار للتخليص الجمركي,218 92-2066090,9676+332,خدمات الشحن والتخليص الجمركي
شركة استيراد وتصدير,,22MF+R57,خدمات الشحن والتخليص الجمركي
مكتب خدمات تاسيس الشركات في طرابلس,218 91-3506956,Al -Shat Rd,خدمات قانونية
شركة كيان للتجهيزات و التوريدات العامة و المعارض,218 91-3201172,"الطريق الدائري الرابع، بنغازي، شارع فينيسا",خدمة التجارة الإلكترونية
شركة المتحدة الاولى,218 91-4773540,طريق النقل الثقيل 300 متر قبل تقاطع مصنع النسيم,خدمة شحن
شركة السالم للتجارة والشحن الصين,218 94-5830809,V5F3+2HW,خدمة شحن
شركة البعد الجديد لإستيراد زيوت و شحوم السيارات و الشاحنات,218 91-8889131,زليتن - كادوش الطريق الساحلي غرب الجسر 500 متر,خدمة وسائل النقل
شركة السهم الطبى الحديثة إستيراد المعدلات الطبية,,"V5HX+R2Q, Unnamed Road",رعاية صحية في المنزل
شركة التفاني للاتصالات والتقنية,218 21-7276777,,سنترال (تبادل هاتفي)
حظيرة شراع المتوسط لسيارات,218 91-2116346,,سوق
مصنع اماطين,,"93FW+9GC، Unnamed Road, مصراتة‎،",سوق
شركة جزيرة فروة للسيارات,218 92-5302575,طريق المطار,سوق سيارات
شركة قندي لإستيراد السيارات وقطع غيارها وكمالياتها,218 91-5942529,الطريق الساحلي بالقرب من جسر المدينه,سوق قطع غيار السيارات
شركة ديزل بنغازي لاستيراد قطع غيار الالات الثقيله,218 91-8224870,طريق المطار,سوق قطع غيار السيارات
محلات الفيتوري,,"R3WM+JQ5، شارع الكنيسة",سوق قطع غيار السيارات
Almanara international,1 567-369-4957,"HEAD DEPARTMENT، AL DOUBLOMASI CLUB ROAD",شركة الاستيراد والتصدير
SELANT GROUP,218 21-3344938,24 Aralık Sokak Orabi Paşa Caddesi No:52-54-56-58 Mezran,شركة الاستيراد والتصدير
شركة جاما,218 21-4441653,"V5QP+GRF, Bandung Street",شركة الاستيراد والتصدير
Upscale cooperation company,218 51-2617205,93FC+W52,شركة الاستيراد والتصدير
"شركة القدرة القابضة, مصراتة‎",218 51-2653682,83MG+QR6,شركة الاستيراد والتصدير
شركة مباني القابضة,218 69-5706726,"QPCV+HGM، Um al-safadaf Road،",شركة الاستيراد والتصدير
شركة المملكة لاستيراد الادوية والاجهزة الطبية طرابلس,218 91-0013680,"V53V+FQF، حي دمشق،",شركة الاستيراد والتصدير
مجموعة أبناء مخلوف,218 91-0014040,"R4J3+VFC، طريق الدعوة الاسلامية",شركة الاستيراد والتصدير
شركة نبع الخيرات لاستيراد وتوزيع المواد الغذائية,218 91-0018505,"33HH+8PC، محطة الوقود، بوعطني، شارع البيبسي، قرب،",شركة الاستيراد والتصدير
شركة الراوي لإستيراد المعدات الزراعيه والمضخات,218 91-0066211,الدائري الرابع شارع الزراعية,شركة الاستيراد والتصدير
ALALI.COMPANY,218 91-0199233,Western Ring Road,شركة الاستيراد والتصدير
شركة العصر الجديد للرخام والجرانيت,218 91-0242666,شعبية طرابلس,شركة الاستيراد والتصدير
الريادة للسيارات,218 91-0247674,,شركة الاستيراد والتصدير
شركة الانتشار للسيارات الحديثة,218 91-0444467,,شركة الاستيراد والتصدير
شركة مسار الصريم لاستيراد المعدات الرياضية والمكملات الغذائية,218 91-0551133,,شركة الاستيراد والتصدير
الوسيط لاستيراد السيارت,218 91-0601133,449R+HFF,شركة الاستيراد والتصدير
شركة في أي بي موتورز,218 91-0900000,"V64W+MFG, 20th Ramadan Rd",شركة الاستيراد والتصدير
شركة المستقبل الرائد للرخام والجرانيت بنغازي فرع شبنة,218 91-0913534,"مفترق الزيت، بنغازي -شبنة",شركة الاستيراد والتصدير
اللموشي لسجاد رويال كاربيت,218 91-0927772,"V6H7+3WX، منطقة جامع الصقع،",شركة الاستيراد والتصدير
شركة الشبكة الطبية المحدودة,218 91-1177799,"حي الأندلس ،, Tower Rd",شركة الاستيراد والتصدير
Althuraya golden co,218 91-1300404,Gaser Ahmed Rd,شركة الاستيراد والتصدير
شركة العطاء الدولي المتميز,218 91-1471157,,شركة الاستيراد والتصدير
معرض شركة الآمان الدولية لإستيراد الشاحنات,218 91-1590055,83GX+6PJ,شركة الاستيراد والتصدير
شركة الفتح لاستراد السيارات وقطع غيارها,218 91-1701119,"FG5W+FWQ، محلة ابوجريدة ِ،،",شركة الاستيراد والتصدير
شركة ليث الدولية لأستيراد السيارات وقطع غيارها,218 91-1717000,"93HH+7R2، الطريق الدائري الثاني، مصراتة‎،",شركة الاستيراد والتصدير
شركة الهرامة لإستيراد الورق ومستلزمات الطباعة,218 91-1974575,V599+MX,شركة الاستيراد والتصدير
Rio Libya Company for Import and Export,218 91-2092846,الدائري الرابع بالقرب من كلية الاسنان,شركة الاستيراد والتصدير
شركة ايتار الدولية,218 91-2101139,"خلف، شارع طرابلس، مصراتة‎،",شركة الاستيراد والتصدير
AL-OLOW AL-MOSTMIR,218 91-2111983,109 Abu Slim Rd,شركة الاستيراد والتصدير
شركة دفق للاستيراد والتصدير,218 91-2112603,"92J5+829، Unnamed Road, مصراتة‎،",شركة الاستيراد والتصدير
شركة تارسين الأولى للأثاث المكتبي وتجهيز المباني الإدارية 3D,218 91-2128535,الطريق الساحلي,شركة الاستيراد والتصدير
YEDDER COMPANY FOR IMPORT,218 91-2137034,"مبنى أمان - الدور الاول، شارع الهلال بالقرب من جزيرة الاسرة السعيدة مقابل مستوصف بالراس علي ،",شركة الاستيراد والتصدير
شركة جلوبل الليبية,218 91-2167791,"مصراتة - اقزير، الطريق الساحلي",شركة الاستيراد والتصدير
شركة الزين الدولية,218 91-2180010,طريق الصوالح,شركة الاستيراد والتصدير
شركة البداية لبيع حديد التسليح جملة وقطاعي,218 91-2181675,"الطريق الساحلي، طريق سوق الثلاثاء",شركة الاستيراد والتصدير
ETTQAN ALMETHALI شركة الاتقان المثالي,218 91-2202686,Qerqaresh str,شركة الاستيراد والتصدير
شركة العالمية المتميزة,218 91-2243466,84PG+WRH,شركة الاستيراد والتصدير
شركة العالمية المتميزة,218 91-2243466,طريق النقل الثقيل,شركة الاستيراد والتصدير
شركة المصدر الأمين لقطع غيار الشاحنات,218 91-2882226,طريق النقل الثقيل 4.5كم من الاشارة الضوئية الساحلى,شركة الاستيراد والتصدير
شركة زاد الخير للسيارات,218 91-3009998,9346+96V,شركة الاستيراد والتصدير
شركة ذات الجود للمطابخ,218 91-3012966,"R39J+JP8، Unnamed Road،",شركة الاستيراد والتصدير
شركة البياضAlbyadcompany,218 91-3102190,,شركة الاستيراد والتصدير
شركة المودة الوسطى,218 91-3110049,"حي أبورقية،",شركة الاستيراد والتصدير
Brneeq international company / شركة برنيق الدولية,218 91-3118750,,شركة الاستيراد والتصدير
شركة دور ماكس لاستيراد المضخات والمواد الزراعيه,218 91-3133686,"FH53+R22، الطريق الساحلي من قرب الجسر زليتن, زليتن،",شركة الاستيراد والتصدير
شركة القمة للرخام والجرانيت,218 91-3156734,"حــي الغـــويـــــــــــلات،",شركة الاستيراد والتصدير
شركة ميداس لاستيراد الإطارات والبطاريات والزيوت فروع,218 91-3190091,"V59R+8Q5, At Tariq ad Da iri al Awwal",شركة الاستيراد والتصدير
شركة الصحراء للشحن الجوي والبحري,218 91-3201223,"R5W5+GQH, أبو سليم، طرابلس،،",شركة الاستيراد والتصدير
شركة الكوثر للشحن البضائع,218 91-3231455,84G4+FJ7,شركة الاستيراد والتصدير
شركة الوئام التجارية لإستيراد المواد الغذائية,218 91-3242051,924M+5QG,شركة الاستيراد والتصدير
وكيل لافاتزا الايطالية,218 91-3344415,"وجزيرة الفرناج, طريق زناتة بين مدرية الامن",شركة الاستيراد والتصدير
شركة نجمة الساحل للمعدات الزراعية وقطع غيارها,218 91-3383548,الطريق الساحلي,شركة الاستيراد والتصدير
شركة التطويرالاستيراد معدات الطرق,218 91-3705856,طريق المطار,شركة الاستيراد والتصدير
شركة السد العالي لاستيراد السيارات وقطع الغيار,218 91-3716331,,شركة الاستيراد والتصدير
شركة العطاء المتطورة محل الانماء ALATTA .COMPANY,218 91-3745515,"المدخل الشرقي شارع التحرير، زليتن،",شركة الاستيراد والتصدير
استيراد الأثاث,218 91-3748372,"الطابق الثالث، مصراته - الدائري الثالث - مبنى هامان",شركة الاستيراد والتصدير
شركة الالوان المبهره للعناية بالشعر صبغة مكسيما,218 91-3770665,"V59R+VQH، باب بن غشير،",شركة الاستيراد والتصدير
شركة جوالي للتقنية الحديثة,218 91-3809000,شارع مرباط,شركة الاستيراد والتصدير
شركة ماس لاستيراد الزيوت والشحوم والفلاتر,218 91-3829600,"Unnamed Road, إجدابيا،",شركة الاستيراد والتصدير
شركة مورد الأمل لإستيراد الزيوت والشحوم جمله وقطاع,218 91-3909211,"FG5P+W7G، Unnamed Road",شركة الاستيراد والتصدير
شركة الخليج الدولي لاستيراد الالات الزراعية,218 91-3931012,طريق السبعه,شركة الاستيراد والتصدير
مركز دار السلام لخدمات الحاسب الآلي,218 91-4081045,"مجمع الحسابات العسكرية, شارع طه حسين",شركة الاستيراد والتصدير
شركة زين لإستيراد المنظفات الفرع الرئيسي,218 91-4205284,"3WCP+4R4، Unnamed Road, طبرق،، طبرق،",شركة الاستيراد والتصدير
Smart Medical Group,218 91-4208018,3358+4MX,شركة الاستيراد والتصدير
صالة الرغد للاستيراد والتصدير لجميع الأجهزة الكهرومنزلية,218 91-4227080,طريق قرجي,شركة الاستيراد والتصدير
شركة أيان لاستيراد الملابس و الأحذية الرياضية,218 91-4392000,"V5RJ+2J5, Mizran St",شركة الاستيراد والتصدير
الوكيل الحصري لعلامة umbro,218 91-4392000,"V5PJ+XWC، شارع ميزران، طرابلس،",شركة الاستيراد والتصدير
شركة العرفي لإستيراد السيارات والالات الثقيلة,218 91-4494182,,شركة الاستيراد والتصدير
شركة اليانسون الدولية,218 91-4771100,Ansar Wasieayat Albidiri,شركة الاستيراد والتصدير
شركة المسطحات الخضراء,218 91-4800001,"الطريق الدائري الرابع ، تقاطع مدخل مصراتة القديم",شركة الاستيراد والتصدير
شركة الشوف للصناعات الخرسانية.. .خلاطة....,218 91-5009797,"X4XG+MFC، Unnamed Road, بنغازي،",شركة الاستيراد والتصدير
شركة المسار المتميز لاستيراد المواد الغذائية ALMASAR ALMUTAMYEZ ltd,218 91-5059633,"V6H4+73R، بن عاشور،",شركة الاستيراد والتصدير
استيراد مركبات النقل للركاب والبضائع,218 91-5113138,"حي اشبيليا, الطريق السريع",شركة الاستيراد والتصدير
مجموعة البراري لاستيراد المواد الغذائية,218 91-5299110,"شارع الخرطوم،",شركة الاستيراد والتصدير
شركة روافد ليبيا للتصدير و الاستيراد,218 91-5435319,,شركة الاستيراد والتصدير
شركة بوهليل لاستيراد مواد البناء,218 91-5534103,3WQP+3VQ,شركة الاستيراد والتصدير
شركة التوسان لمعدات الورش,218 91-5538788,"بوابة الجبس بجانب وزارة الكهرباء، ليبيا",شركة الاستيراد والتصدير
شركة دروب العالم لإستيراد فلاتر وزيوت السيارات,218 91-5782639,FFHR+4MQ,شركة الاستيراد والتصدير
الجودة 2 لقطع غيار السيارات الألمانية,218 91-5813913,"PPWF+HHF، Unnamed Road،",شركة الاستيراد والتصدير
شركة الطاقة الحديثة,218 91-5915050,83XH+26H,شركة الاستيراد والتصدير
الرفاق الجدد للاستيراد,218 91-5975318,,شركة الاستيراد والتصدير
Alkhebra group importing & Distribution,218 91-5977770,Commodity Supply Complex,شركة الاستيراد والتصدير
Winning Tires and Oils Car Company,218 91-5998755,"موقف السيارات (المختبر الطبي المرجعي، طرابلس شارع الزاوية - أمام",شركة الاستيراد والتصدير
ALBURHAN INTERNATIONAL COMPANY,218 91-6480606,شارع ابن مطروح,شركة الاستيراد والتصدير
شركة الميسم الدولية,218 91-6633399,84HV+M27,شركة الاستيراد والتصدير
مكتب 911 لاستيراد السيارات,218 91-6669911,خلف صيدلية بوزريبة,شركة الاستيراد والتصدير
شركة المغرب العربي للتبريد والتكييف,218 91-6990120,Jamal Abdulnasser St,شركة الاستيراد والتصدير
شركة الجودة الرائدة,218 91-7101524,"مصنع الريحان, بوعطني - طريق المطار - بجانب",شركة الاستيراد والتصدير
ليبيا الغرب لاستيراد الاخشاب والمسطحات,218 91-7154925,"محطة وقود ابوكيل، نعيمة الطريق الساحي جوار",شركة الاستيراد والتصدير
مطحن باله للبن,218 91-7404573,"33MR+H5H, First Ring Rd",شركة الاستيراد والتصدير
شركة دار المزاد,218 91-7550606,"V5QR+4C8، خلف قصر الملك،",شركة الاستيراد والتصدير
شركة الرصيفة العالمية للرخام والجرانيت مصرانة,218 91-7661575,953M+6QH,شركة الاستيراد والتصدير
استيراد الفواكه الطازجة,218 91-8099261,,شركة الاستيراد والتصدير
الشركةالعالمية المكينه الخياطه,218 91-8617919,44G2+FRC,شركة الاستيراد والتصدير
شركة وادي الزعتر,218 91-8762155,شارع الحرية,شركة الاستيراد والتصدير
شركة الهتان لإستراد المواد الغذائية و التنظيف,218 91-8788896,Wardamh Rode,شركة الاستيراد والتصدير
شركة نسمة Nessma Company,218 91-8829622,مقابل عيادة الخليج بجانب سوق المائدة,شركة الاستيراد والتصدير
شركة الرمال الأولي,218 91-9024549,"FHP3+GVH، حي البازة،، زليتن،",شركة الاستيراد والتصدير
شركة الرواد لإستيراد السيارات من امريكا و كندا,218 91-9090452,"جزيرة العلم، مصراته بالقرب من",شركة الاستيراد والتصدير
شركة هانيبال,218 91-9251554,"V5PR+VGG, شارع الشوق",شركة الاستيراد والتصدير
الانظمة الدقيقة - مبيعات زناته,218 91-9422460,زناته الجديده,شركة الاستيراد والتصدير
شركة المحور الطبي لاستيراد المستلزمات والمعدات الطبية,218 91-9603787,"V5HX+5CC، Unnamed Road، طرابلس،",شركة الاستيراد والتصدير
شركة الطائر الابيض لاستيراد المواد الغدائيه فرع زليتن,218 91-9771700,"FHH6+FHW، شارع البازة، زليتن،",شركة الاستيراد والتصدير
شركة نسمة الموزع الرسمي لمنتجات شركة دايكن DAIKIN اليابانية,218 91-9993068,"تم الانتقال مؤقتا إلى طريق قصور الضيافه طرابلس، شارع ابو هريدة",شركة الاستيراد والتصدير
Modern House,218 92-0105379,Fourth Ring Rd,شركة الاستيراد والتصدير
شركة الغدير العالمية,218 92-1000091,,شركة الاستيراد والتصدير
KONICA MINOLTA LIBYA,218 92-1201216,"V5RM+42C, Haiti St",شركة الاستيراد والتصدير
شركة النجمة الماسية للصالونات العربية والافرنجية والفرش الارضى والعجمي,218 92-1572528,سوق المصرية مقابل جامع ارض الحراسة,شركة الاستيراد والتصدير
شركة نبات الوادي وشركة دورماكس(لأبناء بن خليل),218 92-2133686,"FH52+QQ5, الطريق الساحلي من قرب الجسر زليتن",شركة الاستيراد والتصدير
البيت الحديث,218 92-3025505,"QP4Q+H32, شارع العروبة /بجانب جامع بلال بن رباح/ بجانب مصرف الجمهورية",شركة الاستيراد والتصدير
BIN ZAHIA.CO,218 92-3150315,ALBAZA STREET,شركة الاستيراد والتصدير
شركة المتميزون لاستيراد مواد البناء و المواد الصحية,218 92-3171111,,شركة الاستيراد والتصدير
شركة الديوان - Al Diwan Company,218 92-3650411,"شارع، خالد أبن الوليد",شركة الاستيراد والتصدير
شركة آلما لإستيراد الأدوية والمعدات الطبية,218 92-3886007,"الشيل العسكري, بن يونس مقابل",شركة الاستيراد والتصدير
شركة لاڤيتا - La Vita Company,218 92-4003339,"V5JH+J4 طرابلس 32.8814976, 13.1778012",شركة الاستيراد والتصدير
شركة عالم التكنولوجيا الحديثة,218 92-4315956,"34VQ+W8F، طريق النهر",شركة الاستيراد والتصدير
شركة عجمان العالمية لاستيراد السيارات,218 92-4324630,Q6C5+V6W,شركة الاستيراد والتصدير
شركة القلادة الذهبية,218 92-4511837,"https://www.google.com/maps/@30.7809677,20.2284235,168m/data=!3m1!1e3",شركة الاستيراد والتصدير
شركة ابناء ادحيدح للرخام والجرانيت,218 92-4863646,المنطقه الصناعيه,شركة الاستيراد والتصدير
جنات الخيرات لتصدير واستيراد المواد الغدائيه واللحوم,218 92-5000925,,شركة الاستيراد والتصدير
طروش لقص وتركيب الزجاج,218 92-5080068,"QP2P+8G3، شارع القرضابية، الزاوية،",شركة الاستيراد والتصدير
شركه كنده للاستراد السيارات و الاطارات والنضائد وقطع الغيار,218 92-5103665,43PM+27F,شركة الاستيراد والتصدير
شركة الربيع لصناعة الطلاء والمهاجين,218 92-5200051,V6V5+M4M,شركة الاستيراد والتصدير
شركة عمر المختار للصرافه ونقل الركاب,218 92-5449322,"QP5H+PW7، حي رويفع الانصاري،",شركة الاستيراد والتصدير
"شركة رسيل لزيوت المحركات فرع شارع الكنيسة، السراج",218 92-5564142,"شارع الكنيسة، السراج",شركة الاستيراد والتصدير
شركة السلفيوم لاستراد الادوية والمعدات البيطريه,218 92-5571546,,شركة الاستيراد والتصدير
شركة الاصيل لاستيراد مواد التنظيف بالجمله,218 92-5768503,,شركة الاستيراد والتصدير
كوالتي كلين,218 92-5898203,"V33W+QXC، Unnamed Road, طرابلس،",شركة الاستيراد والتصدير
شركة الانطلاقه لأستراد السيارات الكوريه و الاوروبيه و الامريكيه,218 92-5997380,"العروبة،",شركة الاستيراد والتصدير
شركة رمال طرابلس لاستيراد قطع الغيار,218 92-6122426,,شركة الاستيراد والتصدير
شركة رمال طرابلس لاستيراد قطع الغيار,218 92-6122426,,شركة الاستيراد والتصدير
عوين للعطور,218 92-6177685,,شركة الاستيراد والتصدير
شركة العلامة الماسية,218 92-6787800,"الزاوية - شارع الجملة - طريق، الخياطين",شركة الاستيراد والتصدير
Dhabi Group Headquarter,218 92-7003333,Al mashtal street,شركة الاستيراد والتصدير
عالم السيارات لإستيراد السيارات الأمريكية,218 92-7165493,93HR+XHX المقاوبة,شركة الاستيراد والتصدير
شركة كرمان الدولية,218 92-7198826,"بالقرب من مسجد الكميشي، غريان / تغسات",شركة الاستيراد والتصدير
محل علي الشاوش,218 92-7264034,"446F+238، Unnamed Road, بنغازي،",شركة الاستيراد والتصدير
شركة الهضاب لأستيراد معدات الزراعة,218 92-7354289,,شركة الاستيراد والتصدير
قواعد ألواثقة,218 92-7354289,,شركة الاستيراد والتصدير
شركة المنصور للتعهدات التموينية,218 92-7794508,44QQ+273,شركة الاستيراد والتصدير
شركة القاذف الفضي,218 92-8003095,,شركة الاستيراد والتصدير
شركة نسمة الريف لتسويق المواد الغذائية,218 92-8374145,"V7JJ+2WG، طريق عرادة، طرابلس،،،",شركة الاستيراد والتصدير
Alqatarat For ceramic,218 92-8880808,خدمات,شركة الاستيراد والتصدير
استيراد اثاث,218 92-8921441,,شركة الاستيراد والتصدير
محلات التركي,218 94-2709858,طريق عرادة,شركة الاستيراد والتصدير
شركة المستقبل الرائد للرخام والجرانيت بنغازي فرع القوارشة,218 94-2841264,بنغازي -القوارشة بعد جزيرة الانابيب,شركة الاستيراد والتصدير
محل valvoline لزيوت المحركات,218 94-4039539,"V8C3+RQ4، برج البيفي،, Second Ring Rd",شركة الاستيراد والتصدير
خيرات لاستيراد المواد الغذائية,218 94-4857988,بوعطني,شركة الاستيراد والتصدير
شركة اسلنطة للاستيراد التصدير,,34V2+653,شركة الاستيراد والتصدير
شركة الريشة الذهبية لاستيراد وتوزيع المواد الغذائيه,,,شركة الاستيراد والتصدير
Ocean Company,,"847J+MJ3، الحامية",شركة الاستيراد والتصدير
شركة الزيتونة الخضراء,,"9338+C9J، Unnamed Road, مصراتة‎،",شركة الاستيراد والتصدير
شركة المستقبل الحديث لإستيراد المواد الغذائية,,924Q+QJV,شركة الاستيراد والتصدير
شركة أبراج المدينة للجبس بورد والاسقف المعلقه,,"V77R+RR9, طريق القدس",شركة الاستيراد والتصدير
شركة التواصل,,"936X+4X3، شارع سعدون السويحلي",شركة الاستيراد والتصدير
شركة الجودة العالية,,"R4J6+PQ3، طريق الدعوة الاسلامية",شركة الاستيراد والتصدير
شركة المروة الحديثة,,"B3، طرابلس،",شركة الاستيراد والتصدير
شركة ليتشي لإستيراد المواد الغذائية,,"V763+7VQ، Unnamed Road, طرابلس،",شركة الاستيراد والتصدير
Ajmamh company to import food,,QQF5+JFX,شركة الاستيراد والتصدير
شركة السيف المهند,,"743F+VRJ، الطريق الساحلي، مصراتة‎،",شركة الاستيراد والتصدير
ZOOM شركة رائدة كاميرات المراقبة,,"V43V+MPQ، الحي الصناعي،",شركة الاستيراد والتصدير
شركة الوسام الذهبي المقر الادارى,,"V6P8+R9G، شارع أحمد رفيق المهدوي",شركة الاستيراد والتصدير
اسكو الملاحية - ASCO SHIPPING,,جامع الشيخ,شركة الاستيراد والتصدير
شركة المتانة الحديثة للاطارات والنضائد,,"V8FM+R74, Second Ring Rd",شركة الاستيراد والتصدير
شركه ابراج ليبيا,,"246G+QR9، الفويهات،",شركة الاستيراد والتصدير
شركة الراوي للمضخات والمواد الزراعية,,"V78G+252، طريق السبعة، طرابلس،",شركة الاستيراد والتصدير
شركة الجيل القادم لإستيراد الأدوية و المعدات الطبية - فرع بنغازي,,"34P2+VGQ، الفويهات الشمالي،",شركة الاستيراد والتصدير
شركة قرناب للزيوت والشحوم,,"5JV6+552، طريق الشط، سرت،",شركة الاستيراد والتصدير
شركة التوافق الدائم لإستيراد المواد الغذائية,,"الرحمن، شارع عباد",شركة الاستيراد والتصدير
شركة شحات للملاحة البحرية,,QJFV+3W3,شركة الاستيراد والتصدير
شركة النخلتين,,"R2JV+G35، طريق الغيران الزراعي، طرابلس،،",شركة الاستيراد والتصدير
شركة الرحماني,,3VPG+87,شركة الاستيراد والتصدير
شركة أمازون للحوم المجمدة,,"54HQ+34P، Unnamed Road, بنغازي،",شركة الاستيراد والتصدير
شركة الزاوية للمستلزمات والمعدات الزراعية,,QM5Q+WWC,شركة الاستيراد والتصدير
شركة الصداره 3,,"Unnamed Road, إجدابيا،",شركة الاستيراد والتصدير
شركة الهناء الحديثه لاستراد الاثاث والديكور,,"V6G8+PGP, Sharia al-Jala'a",شركة الاستيراد والتصدير
شركة السلفيوم الوطنية لاستيراد المعدات الطبية و مستلزماتها,,"44C3+J9F، شارع سوريا ، بنغازي ،",شركة الاستيراد والتصدير
شركة الإخلاص للإطارات و النضائض,,"FG7C+XVW، حــي الغـــويـــــــــــلات،",شركة الاستيراد والتصدير
فلاي,,"V4HV+HRV، مركز بوابة حي الأندلس ، طرابلس ،",شركة الاستيراد والتصدير
شركة كرستال لاستيراد المواد الكهربائية,,"457F+P2H، Unnamed Road, بنغازي،",شركة الاستيراد والتصدير
شركة النهضة الليبية لاستيراد وسائل النقل المختلفة وقطع غيرها,,74V9+RV6,شركة الاستيراد والتصدير
إدارة شركة الربيع للأثاث و المنسوجات,,"CJPQ+7MV، Unnamed Road, زليتن،",شركة الاستيراد والتصدير
شركة شيناه,,"34J4+JPH، الفويهات الشمالي،، بنغازي،",شركة الاستيراد والتصدير
ويكس wyx الموجة الجديدة,,"947M+52R، مصراتة‎،",شركة الاستيراد والتصدير
شركة الاخوة المبدعون لاستيراد مواد البناء,,"R4J6+P28، طريق الدعوة الاسلامية",شركة الاستيراد والتصدير
شركة البناء المتين لإستيراد مواد البناء,,"الحرشة،",شركة الاستيراد والتصدير
شركة الكوف لاستيراد المواد الغذائية,,24C3+VJC,شركة الاستيراد والتصدير
شركة الجراري للتجارة العامة,,3XHH+J2J,شركة الاستيراد والتصدير
شركة البتول العالمية,,43GX+9C9,شركة الاستيراد والتصدير
شركة النهظة الليبية,,74V9+RRH,شركة الاستيراد والتصدير
شركة محمود سعيد,,83GX+6PJ,شركة الاستيراد والتصدير
شركة عاصمة الأعمار,,83WH+JRM,شركة الاستيراد والتصدير
شركة الكندي لتسويق مستلزمات الام والطفل وحليب وحفاظات الأطفال,,QJ6Q+QRV,شركة الاستيراد والتصدير
Hatching Eggs Imports,,Khalifa Azzaydi St,شركة الاستيراد والتصدير
Melkiperium,,"Adnan Kahveci Blv. 13, 3403",شركة الاستيراد والتصدير
شركه ينابيع الخير لاستيراد المواد الغذائيه,,"24J2+42، بنغازي،،",شركة الاستيراد والتصدير
شركة اكلين,,"33XQ+M57، الماجوري - شارع الفاتح امتداد شارع عبد الجليل، Benghazi, بنغازي،",شركة الاستيراد والتصدير
شركة زهرة الديزي,,"34P8+4XQ، البركة،",شركة الاستيراد والتصدير
شركة الاسطورة العالمية,,"4483+2HW، شارع العراق، خلف مستشفى العسكري",شركة الاستيراد والتصدير
شركة الضواحي الباهرة لاستيراد المواد الغدائية,,"7GH9+CH3, الاستقلال",شركة الاستيراد والتصدير
شركة تبراج النعيم,,"925R+6PX، الطريق الساحلي،",شركة الاستيراد والتصدير
شركه العالميه الاولي الاخشاب والمسطحات,,"P6RH+PXX، الحي الصناعي،",شركة الاستيراد والتصدير
شركة عابرات الرمال لاستراد السيارات وقطع الغيار,,"QP2Q+W8P، حي السوق القديم،",شركة الاستيراد والتصدير
شركة غوط البوصالي لاستيراد الاثاث,,"QP5P+7MQ، حي السوق القديم،",شركة الاستيراد والتصدير
المكتب الامريكي لاستيراد السيارات,,"QP5P+X6C، شارع عمر المختار، الزاوية،",شركة الاستيراد والتصدير
المسار السريع لاستيراد المواد الغذائية,,"V5RP+F9M، ميدان الجزائر",شركة الاستيراد والتصدير
شركة نجم الشرق الحديثة,,"V68P+3PW، الحشان،",شركة الاستيراد والتصدير
شركة بحر الرمال,,"V6QV+W32، عمرو بن العاص،",شركة الاستيراد والتصدير
شركة بركة الاندلس لاستيراد الادوية والمستحضرات الطبية,,"V6V9+4R7، طرابلس،",شركة الاستيراد والتصدير
شركة روعة الشياكة لاستيراد المواد الغذائية و المواشى و اللحوم,,"الجامعة الاسمرية, شارع الشيخ بجانب",شركة الاستيراد والتصدير
معرض الجودة الفائقة,,الفعكات,شركة الاستيراد والتصدير
شركه ابراج ليبيا لبيع حديد التسليح والأسمنت,,"الفويهات،",شركة الاستيراد والتصدير
شركة إيثار لإستيراد السيارات وقطع الغيار الأمريكية,,"طريق 20 رمضان، طرابلس،",شركة الاستيراد والتصدير
الكترو ليبيا,,قرب مدخل مصراته الشرقي,شركة الاستيراد والتصدير
Sorouh Company For Importing Building Materials,,"كوبري الثلاجات، السراج طريق",شركة الاستيراد والتصدير
شركة رتاج الدولية,,"34R2+H72، Unnamed Road",شركة الاستيراد والتصدير
شركة الشرارة بنغازي لإستيراد السجاد والموكيت,,35MG+42,شركة الاستيراد والتصدير
السلمانيالشرقي,,44G2+HPG,شركة الاستيراد والتصدير
شركة اللمسة الملكية للتجارة العامة والالات الثقيلة,,7GH9+CH3,شركة الاستيراد والتصدير
محلات المزرعة للمواد الغذائية بالجملة ( الشركسي ),,7GH9+CH3,شركة الاستيراد والتصدير
Alyakuta group company,,83GX+6PJ,شركة الاستيراد والتصدير
شركةرياض ليبيا لاستيراد وتوزيع المواد الغذائيه (مصراتة),,92CV+924,شركة الاستيراد والتصدير
مجموعة التاج,,953J+P5,شركة الاستيراد والتصدير
شركة وردة الريحان,,CH4P+XM,شركة الاستيراد والتصدير
مزاد الفورتي لاستيراد السيارات,,FH96+7J5,شركة الاستيراد والتصدير
Qixin,,"PQF4+V9V، PQG4+7CP، الزاوية،",شركة الاستيراد والتصدير
شركة شجرة الديكور,,QP4H+653,شركة الاستيراد والتصدير
International Investment Company for Importing Foodstuff,,"QP6V+P6R, Abraq Rd",شركة الاستيراد والتصدير
شركة القمة للاعمال الكهربائية,,"QQ4G+2MJ، Unnamed Road, البيضاء،، البيضاء،",شركة الاستيراد والتصدير
Libyan alreef company,,"R5VH+836، Pepsi cola،",شركة الاستيراد والتصدير
الربيانه,,"R5W8+GP2، Bouslim، طرابلس،",شركة الاستيراد والتصدير
شركة السلفيوم للمواد التنظيف والتجميل,,"R6QV+5FF، Fornage Mosque Road،",شركة الاستيراد والتصدير
Al-Ahliya Co. For Importing Foodstuffs,,V44R+7QF,شركة الاستيراد والتصدير
شركة المتجر لاستيراد البضائع المتنوعة,,V4FJ+M8G,شركة الاستيراد والتصدير
Whathekoun,,V5PJ+2WV,شركة الاستيراد والتصدير
خشب,,"V5QC+RH9, Omar Almukhtar Rd",شركة الاستيراد والتصدير
Toyor Oya Company,,V5RX+C3F,شركة الاستيراد والتصدير
V5,,"V64P+2VC, Tariq Zanatah",شركة الاستيراد والتصدير
شركة سيلفيوم للسيارات - مكتب طرابلس,,"V6WW+X53, 20th Ramadan Rd",شركة الاستيراد والتصدير
شركة التاج لإستيراد الأثاث المكتبي,,"V7CX+7G6, Second Ring Rd",شركة الاستيراد والتصدير
شكركة الفخر والفخامة لإستيراد السيارات,,W63M+R4X,شركة الاستيراد والتصدير
كنزي لاستيراد الادوية والمعدات الطبية,,,شركة الاستيراد والتصدير
بنغازي,,"33G2+X23، جليانة،",شركة إنشاء
:شركة رمال القمة لاستيراد السيارات والشاحنات وقطع الغيار المحدودة,218 91-3702033,,شركة أتمتة
شركة القيروان الدوائية,218 21-7132196,V6H4+735,شركة أدوية
شركة النسر لإستيراد الأدوية و المستلزمات الطبية,218 91-0033748,"V5MJ+Q9J, Al Nasr St",شركة أدوية
شركة المشيرقي لأستيراد الادوية والمعدات والمستلزمات الطبية ذ.م.م‏,218 91-2135630,,شركة أدوية
شركة الاكتفاء العالمي,218 91-2145580,Al -Shat Rd,شركة أدوية
Tripoli International Company for the import of medicines and medical equipment,218 91-3377655,"V5GW+XHF, Bin Ashour St",شركة أدوية
شركة دلتا و دنيا العالمية لاستيراد الادوية و مستلزمات الام والطفل,218 91-5462139,"33HQ+56X، Unnamed Road، بنغازي،",شركة أدوية
شركة علمية متطورة لاستيراد الأدوية والمعدات الطبية,218 92-8583052,"مصحة الليبي الأوروبي, شارع الشجر مقابل",شركة أدوية
ALTAKNIA ALDAWLIA Co Tdpharma,218 94-4888782,V6W9+H6,شركة أدوية
شركة الاهتمام لاستيراد الادوية والمعدات الطبية,,"بلعون، بنغازي،، بنغازي،",شركة أدوية
شركة ثنكر للتجارة و الاستيراد من الصين الي ليبيا - thinker ly,218 91-3122230,"مجمع التقنية مول للإلكترونات، في طريق المدخل الشرقي لمدينة الزاوية - داخل",شركة شحن
معرض القزيري لاستيراد السيارات الامريكيه,218 91-3292160,"معرض القزيري للاستيراد السيارات الامريكيه، مصراتة‎،",شركة شحن
شركة أركان لاستيراد المواد الغذائية,218 94-4555666,"337R+FJX، الطريق الدائري الرابع، بنغازي،",شركة شحن
شركة الجبال للشحن,218 94-6191000,"شارع الجمهورية ، ميدان القادسية ، بالقرب جامعة الرفاق ، طرابلس ،",شركة شحن
شركة التوافق للادوية والمعدات الطبية,218 91-1943003,"V5CV+R2G، شارع الجلاء، طرابلس،",صيدلية
جهاز الامداد الطبي,,V6G9+G74,صيدلية
شركة ياسمين لبيع و استيراد الأدوية,,"V429+8F8، الشارع الكبير، طرابلس،",صيدلية
شركة ارزاق لاستراد الادوية والمعدات الطيية,,"V6MP+6GF، Unnamed Road،،",صيدلية
شركة السبق لي إستيراد الأدوية ولمستلزمات ومعدات الأم والطفل,218 92-8070027,"QQC8+62V, The Coastal Rd",طبيب
غريان,,52C9+P97,فندق
شركة رياض ليبيا فرع الحشان,218 91-2177759,"V6FV+92F، Unnamed Road",متجر
شركة دار المزاد لاستيراد السيارات,218 91-5605711,"الشارع االرابط بين شارع سناء، شارع الهلال",متجر
شركة الأفاق لأستيراد السيارات,218 91-5696788,"الليثي،",متجر
شركة الكشر لتجارة الإطارات والنضائد,,"FH3J+H82, طريق المتلت",متجر إطارات
شركة جلنار لاستيراد الاثاث والمطابخ,218 91-3151206,زناته الجديده,متجر أثاث
شركة الدسر للاثاث,218 91-3742994,طريق زناتة الجديد,متجر أثاث
شركة الصندل لأستيراد الاثاث,218 91-7211888,"V4GM+299، Unnamed Road،",متجر أثاث
أبوشاقور غريان,218 91-8414225,"السقائف،",متجر أثاث
مركز أسامة للهاتف المحمول,218 91-3242422,"بجوار فندق البركه، شارع سناء، شارع التضامن",متجر أجهزة إلكترونية
شركة ميزة للاستيراد والتصدير,218 91-7333191,"Abu Menjel, Shari al-Masira al-Kubra",متجر أجهزة إلكترونية
شركة التفوق الدائم لاستيراد الاجهزة الكهربائية والاثاث,218 91-8090838,"V6MC+WC9، Al jala'a street",متجر أجهزة إلكترونية
شركة الوسيلة لبيع الاجهزة الكهربائية و الاثاث,218 91-8790534,24V8+CCR,متجر أجهزة إلكترونية
شركة الضيافة لاستيراد الاجهزة الالكترونية الوكيل المعتمد,218 92-7001000,طريق الشط الرئيسي مقابل النادي البحري سابقا,متجر أجهزة إلكترونية
باشاغا للثريات,218 94-5346380,9496+GF4,متجر أجهزة إلكترونية
Lion Star Company,218 94-5551355,,متجر أجهزة إلكترونية
شركه المتجدد لاستيراد المواد الكهرو منزليه,,"FH6G+C77، شارع التحرير، زليتن،، زليتن،، زليتن،",متجر أجهزة إلكترونية
شركة المساعد الثقنى لخدمات الحاسب الالى ونقاط البيع,,"V5RW+6F7، شارع النخلة، طرابلس،",متجر أجهزة كمبيوتر
مجموعة السواعد لاستيراد الأخشاب والصناعات الخشبية,218 91-0610011,طريق النقل الثقيل,متجر أخشاب
عبر العالم لبيع الاخشاب,218 91-3112137,"V7MC+F2G، طريق عرادة",متجر أخشاب
شركة البرق لاستيراد أجهزة الحاسب الالي والقرطاسية والادوات المكتبية,218 21-3334772,,متجر أدوات مكتبية
شركة الصاري لاستيراد القرطاسية والمعدات المكتبيه,218 91-2139372,"FHG6+H2Q، شارع الحرية",متجر أدوات مكتبية
الأخوة لاستيراد القرطاسية والمعدات المكتبية,,"V5QQ+XR، طرابلس،،",متجر أدوات مكتبية
Whole Sale Pharmacies,,"V429+C7X, Alkabeer Rd",متجر أدوية بالجملة
شركة التفاوت الدولية,218 91-3440007,"V6GQ+HQR, Unnamed Road",متجر دراجات بخارية
شركة الجيد لإستيراد المواد الغذائية,218 91-0740400,الكريمية ليبيا خلة العنب,متجر سلع منزلية
شركة سيلوز لأستيراد الأطقم والمواد الصحية Seluz,218 91-3100571,الطريق الساحلي,متجر سلع منزلية
BLUM,218 91-4455544,Jamaa Assaqaa Rd,متجر سلع منزلية
شركة افريقيا للمجمدات,218 91-6606818,"Q68Q+MQ4، شارع انتلات",متجر سلع منزلية
شركة كزيوني ليبيا,218 91-9556409,94P3+XRH,متجر سلع منزلية
اللبة الأثاث المنزلي والتحف,218 91-9906161,"المهاجرين، طرابلس،،، طرابلس،",متجر سلع منزلية
محل دريد للمواد المنزلية,218 92-2494267,شارع الخرطوم,متجر سلع منزلية
شركة البيت الانيق لإستيراد الاثاث المنزلي و الجلسات والستائر,218 92-8280824,"9HFJ+XW، زليتن،،",متجر سلع منزلية
شركة الرنا لأستيراد المواد المنزلية,218 94-5965442,"R4R8+58J، الطريق الدائري الثالث، طرابلس،",متجر سلع منزلية
شركة أبناء القاضي لاستيراد طيور واسماك الزينه ومستلزماته,,V6RJ+QQJ,متجر طيور
العالمية لمعدات المطاعم والمقاهي,218 91-0915415,"V7V3+P97، عقبة بن نافع،",متجر عمومي
Al Sahel Company for Vegetables and Fruits,218 92-8817522,"W63M+X6M، طريق الترسانة،",متجر فواكه وخضروات
شركة كيان الذهبية لاستيراد قطع غيار السيارات الألمانية,218 91-1100555,الرياضية / نادي الاهلي,متجر قطع غيار سيارات
"شركة الوسن ، لإستيراد قطع الغيار",218 91-2094747,"V595+364، Unnamed Road",متجر قطع غيار سيارات
شركة الصقور المتشابهة لقطع غيار السيارات اليابانية,218 91-2114620,"V585+WCC، Unnamed Road, طرابلس،",متجر قطع غيار سيارات
شركة شاكونه لإستيراد قطع غيار السيارات الألمانية,218 91-2201633,"V44V+J5H، الحي الصناعي،",متجر قطع غيار سيارات
شركة المصدر الأول لاستيراد قطع غيار السيارات الكورية,218 91-5119933,"43JJ+VP9، بنغازي،",متجر قطع غيار سيارات
مجمع بن موسى لإستراد المحركات جملة_قطاعي,218 91-5619007,"FG26+392، طـــــريق المصـنــــــع",متجر قطع غيار سيارات
شركة الرافدة لاستيراد قطع غيار السيارات,218 91-5746035,"الطيارة، المنطقة الصناعية قرب جزيرة",متجر قطع غيار سيارات
ابناء بن سعيد لي استراد قطع غيار السيارات الكورية الجديدة والمستعملة,218 91-6640601,"V7M3+4F6، Unnamed Road،،،",متجر قطع غيار سيارات
احميده الظافري لقطع غيار السيارات,218 91-6754055,"PPXR+6HP، سوق العرب، البيضاء،",متجر قطع غيار سيارات
شركة فردوسي التجارية,218 91-7317311,كرزاز,متجر قطع غيار سيارات
شركة اطلس لاستيراد سيارات الامريكية وقطع غيرها,218 91-9803312,FFMP+G39,متجر قطع غيار سيارات
Auto ram اوتو رام البيضاء,218 92-3262509,"حي السوق القديم،،",متجر قطع غيار سيارات
Alsafnat company to import auto parts,218 92-4598060,84W6+793,متجر قطع غيار سيارات
محل النهضة لقطع غيار السيارات,218 92-5360640,"شارع المشروب، طرابلس،",متجر قطع غيار سيارات
هروس لقطع غيار السيارات,218 92-6194322,"V7J2+VC7، سوق الجمعة،",متجر قطع غيار سيارات
شركة طريق الأمل لقطع الغيار,218 92-6703936,V584+FP5,متجر قطع غيار سيارات
Ocean Auto Parts- المحيط لقطع غيار السيارات,,شارع,متجر قطع غيار سيارات
محل الظافري لقطع غيار الاستيراد,,QP4Q+H32,متجر قطع غيار سيارات
شركة محرك طرابلس لقطع غيار السيارات,,"V587+P4R، طريق غريان، طرابلس،",متجر قطع غيار سيارات
بادي لقطع غيار السيارات الألمانية المستعملة,,846J+P9J,متجر لقطع غيار سيارات السباق
المتجر الرياضي,,"طريق قصر أحمد، مصراتة‎،، 9597+VWF، مصراتة‎،",متجر للفيتامينات والمكملات الغذائية
شركة المتقن لاستيراد و بيع محركات و كمبيوات استعمال اوروبي جملة و قطاعي,218 91-4880099,"بجوار مقر الشركة الصينية، مشروع الهضبة خط رقم 2 بعد شيل الشرارة علي اليمين",متجر للمحركات الخارجية
شركة المتقن الدولية لقطع غيار النقالات,218 91-3001013,Almadar Street,متجر لملحقات الهواتف الخلوية
شركة الاء الدولية لاستيراد العطور ومواد الزينة والهدايا,,"V5CQ+728، طرابلس،",متجر مستحضرات تجميل
شركة اسلم لإستيراد المعدات الطبية ومستلزمات طب الأسنان,218 91-1740915,Baben gasher Street,متجر مستلزمات الأسنان
شركة المجد لاستيراد معدات طب الاسنان / ALMGD.CO,218 91-8975445,شارع جعفر بن أبي طالب,متجر مستلزمات الأسنان
شركة الرجاء للمعدات الطبية,218 92-2944894,Inhemed Al Megharief Rd,متجر مستلزمات الأسنان
شركة البحار لمستلزمات طب الأسنان,218 92-5366773,Al Moedat St,متجر مستلزمات الأسنان
Hanash Import Truck Parts,218 91-3149358,V47X+26Q,متجر مستلزمات الشاحنات
شركة زين العالمية لاستيراد المعدات الطبية,218 91-2233338,سوار القاضي,متجر مستلزمات طبية
شركة الحي الجامعي للمعدات الطبية,218 91-3335080,QP6Q+4PH,متجر مستلزمات طبية
Al-etihad company for medicine & medical شركة الاتحاد لاستيراد الادوية و المعدات الطبية,218 92-3761936,"بن يونس، بنغازي،",متجر مستلزمات طبية
Anti company to import medical equipment,218 92-3988178,V5RP+P6H,متجر مستلزمات طبية
شركة الزئبق لاستيراد المعدات الطبية المساهمة,218 92-5015388,شارع 14 يناير (طريق السكة)بجوار صيدلية المنشية السوق الاستتماري( الاقواس),متجر مستلزمات طبية
شركة البرهان لاستيراد الأدوية والمستلزمات الطبية,218 92-5365101,"V5JW+MJW، بن عاشور،",متجر مستلزمات طبية
شركة رواد صحة ليبيا لإستيراد المعدات والمستلزمات الطبية,,"V6H2+HXV, Al Moedat St",متجر مستلزمات طبية
شركة الإجتهاد لإستيراد وتوزيع المواد الكهربائية NT LIGHTING,218 21-7199525,Gharyan Rd,متجر مستلزمات كهربائية
Lighting company for the import of electrical materials,218 51-2611188,84W7+25F,متجر مستلزمات كهربائية
شـركـة الإسـراء لإسـتـيـراد الـمـواد الـكـهـربـائـيـة - Al Essra CO Electrical Materials‏,218 91-3454525,"V6M7+W49، النوفليين،",متجر مستلزمات كهربائية
أرواد للمواد الكهربائية والإنارة فرع 20 رمضان,,"طريق 20 رمضان، طرابلس، الشارع المقابل لطريق 16",متجر مستلزمات كهربائية
السدرة لإستراد وتجارة الكوابل والمواد الكهربائية,,"V45J+383، الحي الصناعي، طرابلس،",متجر مستلزمات كهربائية
شركة الافق,218 21-3335736,"V5RJ+2QH, Mizran St",متجر ملابس
شركة الصقيع لاستيراد الملابس,218 91-2157269,"شركة الصقيع لاستيراد الملابس،",متجر ملابس
Goods on the head for wholesale clothing,218 91-3128958,93HW+57V,متجر ملابس
ياسين غريان,218 91-4109900,"5299+3M3، تغسات،، غريان،",متجر ملابس
شركة اتحاد الرشيد للاستيراد الملابس,218 91-4959090,"QJ6C+HP2، الطريق الساحلي، الحرشة،، غرب الزاوية،",متجر ملابس
شركة كزيوني,218 91-5759947,"V6FR+CQX، عرادة،",متجر ملابس
شركة نورهان لإستيراد الملابس النسائية,218 91-6905566,"V6JJ+J66, Alhany Rd",متجر ملابس
شركه ريان الاولى لاستيراد الملابس,,"V5R9+5XC, Tariq St",متجر ملابس
المجبري للحجاب بي الجمله,,"V5VF+95P، طرابلس،، طرابلس،",متجر ملابس حريمي
شركة نهضة بنغازي لاستيراد الاسمنت ومواد البناء,218 91-0344580,"235W+Q39، Unnamed Road, بنغازي،",متجر مواد بناء
محلات التيح لمواد البناء والطلاء,218 91-0509501,"V6GP+4RH، طريق اولاد بن الحاج،",متجر مواد بناء
شركه أجياد ليبيا لاستيراد مواد البناء و الصحيه جمله,218 91-2093643,,متجر مواد بناء
شركة الأضواء لاستيراد مواد البناء وملحقاتها,218 91-2137111,"84V4+942، شارع سعدون، مصراتة‎،، مصراتة‎،",متجر مواد بناء
البنيان الراقي لإستيراد مواد البناء,218 91-3172300,82QJ+492,متجر مواد بناء
شركة الشرق العصرية لاستيراد المواد الكهربائية مصراتة,218 91-3799001,84V6+RVG,متجر مواد بناء
شركة أركان البناء لإستيراد مواد البناء,218 91-4243609,"سوق السيارات، بنغازي ، حي السلام ، طريق نادي شمال بنغازي بالقرب من جزيرة",متجر مواد بناء
شركة القطرات للسيراميك والمواد الصحية,218 91-4999993,Suq al Juma'a Road,متجر مواد بناء
شركة طليطلة العالمية لإستيراد وتسويق مواد البناء و الصحية,218 91-5753595,"V757+HRH، السبعة،",متجر مواد بناء
شركة بيوت العز لاستيراد مواد البناء,218 91-6005577,FH9F+PF8,متجر مواد بناء
الجمل للمواد الكهربائية,218 92-2206064,"94FP+CW2، طريق قصر أحمد،، مصراتة‎،",متجر مواد بناء
شركة الريادة العالمية لاستراد مواد اليناء,218 92-5297586,"Unnamed Road, بنغازي،",متجر مواد بناء
شركة الشريان,218 92-6005555,"بوهديمة طريق النهر،, Fifth Ring Rd",متجر مواد بناء
شركة الربان الدولية لإستيراد مواد البناء,,"R4P2+2JJ، طريق الدعوة الاسلامية",متجر مواد بناء
شركة الوصل,218 92-5443325,"V5QM+59M, Attatourk St",مجلس
شركة الليبية لخدمات المختبرات الطبية,,"V5M6+HMW، شارع عمر المختار، طرابلس،",مختبر
Alnorin company to import food,218 91-2092447,C24Q+P9R,مخزن
مخازن شركة نور الأمانة لاستيراد الأدوية والمستلزمات,218 92-6890032,"V6Q8+PQQ، النوفليين،",مخزن
مكتب أبناء العقيلي للتخليص الجمركي,218 92-0917777,Fourth Ring Rd,مخلص جمركي
شر,,35XX+VW,مركز إعادة تدوير
Al-Madina International Company for importing hardware,218 91-2146902,,مركز أنشطة تجارية
Misrata Seaport,,9659+3FX,مركز أنشطة تجارية
شركة مفازا للمحركات -مصراتة,218 91-1768540,طريق النقل الثقيل,مركز تسوق
شركة الجيل الجديد لاستيراد الألعاب,218 91-3153501,"QP2F+QV9، شارع الضمان، الزاوية،",مركز تسوق
شركة مرسي توباكتس لإستراد مواد التنظيف,218 91-3173238,"بجوار الجمعيه الزراعية، مصراتة‎، ليبيا, Gaser Ahmed Rd",مركز تسوق
شركة الحقل الأخصر للمواد الزراعية,218 91-3243737,9329+QRV,مركز تسوق
شركة حدائق الصنوبر الاستيراد البقوليات,218 91-3764110,Fifth Ring Rd,مركز تسوق
شركة الزهراء المشرقة لاستيراد المنظفات الأوروبية,218 91-6978278,"932C+H9H، Unnamed Road, مصراتة‎،",مركز تسوق
شركة نجمة بنغازي مجموعة أبناء الشريف,218 91-7343254,"5477+FR7، Unnamed Road, بنغازي،",مركز تسوق
معرض الدبلوماسي للسيارات,218 91-9223325,"83GX+FG8، مصراته جزيرة دوران كرزاز مزدوج تقزير",مركز تسوق
شركة النورس لأستيراد معدات تجهيز المطاعم والفنادق والمقاهي,218 92-6954150,"Unnamed Road، متفرع من, Omar Almukhtar Rd",مركز تسوق
شركة قوة المحركات,218 92-8109836,V6HX+44G,مركز تسوق
شركة الماسة العربية لإستيراد ورق الجدران والطلاء,218 92-8158077,"34V2+2P7، شارع الحدائق",مركز تسوق
شركة البرج لأستيراد الملابس,,Q6HG+7RW,مركز تسوق
African market,,"8X9V+9VV, Unnamed Road",مركز تسوق
غريان,,الكليبة,مركز تسوق
شركة الصوالح لاستيراد المواد الغذائية,,"348C+6J4، الهواري،، بنغازي،",مركز تسوق
شركة درب الطريق لاستيراد المواد الغذائية والمواشي واللحوم,,"R4RJ+J2M، Unnamed Road, طرابلس،،",مركز تسوق
شركة المراسم لاستيراد وتوزيع المواد الغذائية,,"4687+J53، Unnamed Road, بنغازي،",مركز تسوق
دليل ليبيا الطبي,218 91-5276020,,مركز صحي بنظام الخدمة الذاتية
شركة التميز الدولية للسيارات,218 92-4771111,927W+XV9,مركز صيانة سيارات
شركة توباكتس الاستيراد الادوية و معدات البيطرية,,"948W+38X، مصراتة‎،",مستشفى بيطري
شركة بوعطني لاستيراد وتركيب الديكورات الجبسيه,218 92-2386030,3452+W8V,مصمم داخلي
شركة المزوغي,,"35MC+P2X، بوعطني،، بنغازي،، بنغازي،",مصنع
شركة بيوت العز,,9FC8+2CC,مصنع
شركة العميد لاستراد المواد الغدائية,218 92-8406759,V6V5+959,مصنع مواد غذائية
معرض اقزير لاستيراد السيارات الكوريه,218 92-5248424,83JV+9VM,معرض فني
شركة النطاق الدولي لاستيراد السيارات,218 91-2099444,922X+X4F,معرض ومركز تجارة
معرض زميتة للسيارات....,218 91-2173398,926P+38V,معرض ومركز تجارة
نور الامانة لاستيراد الادوية والمستلزمات الطبية,218 21-3407995,"V6PC+4GJ، Al jala'a street",مكتب الشركات
Alsahem medical company,218 21-7242779,شقائق النعمان,مكتب الشركات
المنطقة الحرة بمصراتة,218 51-2742734,طريق قصر أحمد,مكتب الشركات
شركة هادريان لاستيراد المواد الغذائية,218 91-0346336,"Q4M4+GV6، طريق غريان، جنزور،",مكتب الشركات
شركه محركات المتوسط لاستيراد قطع غيار السيارات الألمانية,218 91-1133966,"V43W+X3G، شارع النادي الأهلي، طرابلس،",مكتب الشركات
شركة التجهيز الاول لاستيراد الالات والمولدات الكهربائية,218 91-1242424,"CJJJ+964، الطريق الساحلي، زليتن،، زليتن،",مكتب الشركات
مكتب الكابتن لاستيراد السيارات,218 91-1518000,"4444+R85, AL Wi hdah Al Arabiyah St",مكتب الشركات
شركة باب طرابلس لاستيراد الادوية والمعدات الطبية ومستلزمات الام والطفل,218 91-2104710,"V429+598، الشارع الكبير، طرابلس،،",مكتب الشركات
Quick-range company to import cars,218 91-2109104,V6HW+FV4,مكتب الشركات
شركة البستان الليبية,218 91-2153951,,مكتب الشركات
شركة إمباكت لاستيراد الاسمنت,218 91-2237074,"طريق 20 رمضان، طرابلس، الطريق السريع",مكتب الشركات
شركة السَعد الدولية لإستيراد المواد الغذائية,218 91-3227575,"قرطاسية التلميذ، طريق الهواري بجوار مطعم هابي تشيكن خلف",مكتب الشركات
مكتب برلين لأستيراد السيارات الامريكية و قطع غيارها,218 91-3413747,23F3+22F,مكتب الشركات
مجموعة بالحاج للتجارة والصناعة,218 91-3669972,"83X7+5MJ, Unnamed Road",مكتب الشركات
شركه شواطي البحر المتوسط,218 91-3766160,34QP+G49,مكتب الشركات
مجموعة صناع الإبداع,218 91-4290040,93JG+58F,مكتب الشركات
الدولية 4 لإستيراد السيارات وقطع غيارها,218 91-4851992,"مفترق العنيزي، أرض شبنة بالقرب من",مكتب الشركات
شركة دار بنغازي لاستيراد المعدات الطبية,218 91-5492668,4432+R64,مكتب الشركات
شركة دار المزاد Dar Almazad,218 91-5605711,"الدائري الثالث, المقاصبة. شرق شارع طرابلس 700 متر 700M EAST OF TRIPOLI ST، MAQASBAH AREA، 3rd Ring Road",مكتب الشركات
شركة المراسم لاستيراد وتوزيع المواد الغذائية,218 91-5882643,,مكتب الشركات
شركة الشروق الجديد ﻹستيراد مواد التنظيف ومواد التجميل,218 91-6508414,شارع البرج,مكتب الشركات
شركة البحر المتوسط لاستيراد الأدوية والمعدات الطبية - فرع وسط المدينة,218 91-6777676,"V6W3+M7W، شارع الزجاج",مكتب الشركات
شركة العمران للاستيراد وتصدير السيارات وقطع الغيار,218 91-6949158,PPXR+VF8,مكتب الشركات
شركة الشذى لإستيراد المواد الغذائية,218 91-7275185,"93HR+XPP، شارع عمر التومي مقابل الدار",مكتب الشركات
شركة المتوسط الزاهر,218 91-8606500,CHVV+C6G,مكتب الشركات
شركة الرضا لاستيراد السيارات,218 91-8811333,"V6CH+2W7، زناتة،",مكتب الشركات
شركة المسار الصحي للمعدات والمستلزمات الطبية,218 91-9477193,"Unnamed Road, بنغازي،",مكتب الشركات
شركة النجم الصاعد لإستيراد الآلات والمعدات الثقيلة ذات المسئولية المحدودة,218 91-9895691,"كرزاز، الطريق الساحلي",مكتب الشركات
شركه بيسان طبرق لاستيراد وتوزيع المواد الغذائيه بالجمله,218 92-3217859,3XP9+C87,مكتب الشركات
شركة الفزاني لاستيراد قطع غيار السيارات الامريكية,218 92-5055041,"44VH+387, Fifth Ring Rd",مكتب الشركات
مكتب مونتانا لاستيراد السيارات الامريكيه,218 92-6756328,"44MG+HM3، العروبة،",مكتب الشركات
شركة السيار الأستراد الهاتف المحمول,218 92-8910500,جزيرة تورة الحجاره,مكتب الشركات
شركة الاطلس لاستيراد السيارات وقطع غيارها,218 94-1323000,,مكتب الشركات
UNITED LIBYA FOR CARS,218 94-4389967,"34R3+MCG، خالد أبن الوليد",مكتب الشركات
شركة الكوبارت لأستيراد السيارات الأمريكية,218 94-5103948,QM3W+4P4,مكتب الشركات
شركة عالم الجبال,,"358G+33H، الفويهات،",مكتب الشركات
General Authority for Investment Promotion Affairs and Privatization,,,مكتب الشركات
شركة أكيدة,,,مكتب الشركات
شركة الزاهرة لإستيراد المواد الغذائية,,"V6HV+3M7، شارع البرج،",مكتب الشركات
شركه الارتال,,"44FH+3MH, Fourth Ring Rd",مكتب الشركات
شركة المزاد لاستيراد السيارات,,"V5QR+4C4, Albaladia Street",مكتب الشركات
مكتب الخط الازرق استيراد السيارات و التخليص الجمركي,,"425X+6H8، ميناء",مكتب الشركات
مقر شركة دار الأندلسية لاستيراد مواد البناء والصحية,,"V5MQ+67X، ليبيا, طرابلس،",مكتب الشركات
شركة بريق العصر الدولية الاستيراد مواد البناء,,طريق الساحلي نعيمة,مكتب الشركات
شركة الجنات لاستيراد الأدوية والمعدات والمستلزمات الطبية,,"33RV+Q3C, 1st September St",مكتب الشركات
شركة الوميض الراقي لاستيراد المواد الغدائية,,"Noflien Area, 91361, Shari Fashloum",مكتب الشركات
شركة افاق الصحة الدولية,,"V6PC+292، Al jala'a street",مكتب الشركات
شركة المصدر لخدمات الشحن و استيراد السيارات,,V6GP+6RH,مكتب سفريات
شركة السهم للهيدروليك - مصراته,218 91-9461000,طريق النقل الثقيل,مورّد الخراطيم
شركة النسيم الاولي لاستيراد المواد الغذائية,218 91-8791453,QJGM+2XC,مورّد المنتجات الغذائية
شركه خير العطاء لاستيراد المواد الغذائية,,شارع السليني,مورّد المنتجات الغذائية
Naseem Dairy Factory,218 51-2624381,85WC+M2P,مورّد منتجات الألبان
Global tower company to import cars,218 91-3290908,"9346+CM3، الاشارة الضوئية ، تقاطع الدائري الزراعي, Tripoli St",مورد سيارات تويوتا
شركة اللامعة لإستيراد الادويه المعدات الطبية,218 91-7812728,"شارع الجمهوريه, Sharia Abu Hridah",مورد معدات طبية
شركة اعماق الخير الدولية,218 94-8434042,طريق السكة شارع المعدات الطبية,مورد معدات طبية
شركة الرضا لإستيراد مواد البناء والمواد الصحية,218 91-5782559,Inhemed al Megharief St,مورد مواد البناء
ورشة عمرو لخدمات الإطارات,218 91-3006606,"92C6+CH3، الطريق الساحلي، مصراتة‎،",ورشة إصلاح سيارات
ورشة الواثقون لسمكرة وطلاء السيارات,218 91-4686564,"5245+QG غريان،",ورشة إصلاح سيارات
تشطيب جميع انواع السيارات بالباسطه,218 91-5452539,"V5GC+QMF, Shari as Sarim",ورشة إصلاح سيارات
محل المتمكن,218 91-9051995,"V6P5+C92, Shari Fashloum",ورشة إصلاح سيارات
الوكيل بن طاهر استيراد شاحنات ليبيا,,"246H+JC4، الفويهات،، بنغازي،",ورشة إصلاح شاحنات
شركة ليبيا التقدم لإستيراد السيارات,218 91-5904382,"V6PX+243، عمرو بن العاص،",وكالة تأجير السيارات
شركة الشرق الأوسط الاستيراد الكماليات السيارات,218 92-2171763,"R6MW+2VG, Tripoli University Rd",وكالة تسويق
شركة زمزم,218 91-7850007,"25J4+4XJ, Philadelphia St",
,,,
,,,
,,,
,,,
,,,
,,,
,,,
,,,
,,,
,,,
,,,
,,,
,,,
,,,
,,,
,,,
,,,
,,,
,,,
,,,
,,,
,,,
,,,
,,,
,,,
,,,
,,,
,,,
,,,
,,,
,,,
,,,
,,,
,,,
,,,
,,,
,,,
,,,
,,,
,,,
,,,
,,,
,,,
,,,
,,,
,,,
,,,
,,,
,,,
,,,
,,,
,,,
,,,
,,,
,,,
,,,
,,,
,,,
,,,
,,,
,,,
,,,
,,,
,,,
,,,
,,,
,,,
,,,
,,,
,,,
,,,
,,,
,,,
,,,
,,,
,,,
,,,
,,,
,,,
,,,
,,,
,,,
,,,
,,,
,,,
,,,
,,,
,,,
,,,
,,,
,,,
,,,
,,,
,,,
,,,
,,,
,,,
,,,
,,,
,,,
,,,
,,,
,,,
,,,
,,,
,,,
,,,
,,,
,,,
,,,
,,,
,,,
,,,
,,,
,,,
,,,
,,,
,,,
,,,
,,,
,,,
,,,
,,,
,,,
,,,
,,,
,,,
,,,
,,,
,,,
,,,
,,,
,,,
,,,
,,,
,,,
,,,
,,,
,,,
,,,
,,,
,,,
,,,
,,,
,,,
,,,
,,,
,,,
,,,
,,,
,,,
,,,
,,,
,,,
,,,
,,,
,,,
,,,
,,,
,,,
,,,
,,,
,,,
,,,
,,,
,,,
,,,
,,,
,,,
,,,
,,,
,,,
,,,
,,,
,,,
,,,
,,,
,,,
,,,
,,,
,,,
,,,
,,,
,,,
,,,
,,,
,,,
,,,
,,,
,,,
,,,
,,,
,,,
,,,
,,,
,,,
,,,
,,,
,,,
,,,
,,,
,,,
,,,
,,,
,,,
,,,
,,,
,,,
,,,
,,,
,,,
,,,
,,,
,,,
,,,
,,,
,,,
,,,
,,,
,,,
,,,
,,,
,,,
,,,
,,,
,,,
,,,
,,,
,,,
,,,
,,,
,,,
,,,
,,,
,,,
,,,
,,,
,,,
,,,
,,,
,,,
,,,
,,,
,,,
,,,
,,,
,,,
,,,
,,,
,,,
,,,
,,,
,,,
,,,
,,,
,,,
,,,
,,,
,,,
,,,
,,,
,,,
,,,
,,,
,,,
,,,
,,,
,,,
,,,
,,,
,,,
,,,
,,,
,,,
,,,
,,,
,,,
,,,
,,,
,,,
,,,
,,,
,,,
,,,
,,,
,,,
,,,
,,,
,,,
,,,
,,,
,,,
,,,
,,,
,,,
,,,
,,,
,,,
,,,
,,,
,,,
,,,
,,,
,,,
,,,
,,,
,,,
,,,
,,,
,,,
,,,
,,,
,,,
,,,
,,,
,,,
,,,
,,,
,,,
,,,
,,,
,,,
,,,
,,,
,,,
,,,
,,,
,,,
,,,
,,,
,,,
,,,
,,,
,,,
,,,
,,,
,,,
,,,
,,,
,,,
,,,
,,,
,,,
,,,
,,,
,,,
,,,
,,,
,,,
,,,
,,,
,,,
,,,
,,,
,,,
,,,
,,,
,,,
,,,
,,,
,,,
,,,
,,,
,,,
,,,
,,,
,,,
,,,
,,,
,,,
,,,
,,,
,,,
,,,
,,,
,,,
,,,
,,,
,,,
,,,
,,,
,,,
,,,
,,,
,,,
,,,
,,,
,,,
,,,
,,,
,,,
,,,
,,,
,,,
,,,
,,,
,,,
,,,
,,,
,,,
,,,
,,,
,,,
,,,
,,,
,,,
,,,
,,,
,,,
,,,
,,,
,,,
,,,
,,,
,,,
,,,
,,,
,,,
,,,
,,,
,,,
,,,
,,,
,,,
,,,
,,,
,,,
,,,
,,,
,,,
,,,
,,,
,,,
,,,
,,,
,,,
,,,
,,,
,,,
,,,
,,,
,,,
,,,
,,,
,,,
,,,
,,,
,,,
,,,
,,,
,,,
,,,
,,,
,,,
,,,
,,,
,,,
,,,
,,,
,,,
,,,
,,,
,,,
,,,
,,,
,,,
,,,
,,,
,,,
,,,
,,,
,,,
,,,
,,,
,,,
,,,
,,,
,,,
,,,
,,,
,,,
,,,
,,,
,,,
,,,
,,,
,,,
,,,
,,,
,,,
,,,
,,,
,,,
,,,
,,,
,,,
,,,
,,,
,,,
,,,
,,,
,,,
,,,
,,,
,,,
,,,
,,,
,,,
,,,
,,,
,,,
,,,
,,,
,,,
,,,
,,,
,,,
,,,
,,,
,,,
,,,
,,,
,,,
,,,
,,,
,,,
,,,
,,,
,,,
,,,
,,,
,,,
,,,
,,,
,,,
,,,
,,,
,,,
,,,
,,,
,,,
,,,
,,,
,,,
,,,
,,,
,,,
,,,
,,,
,,,
,,,
,,,
,,,
,,,
,,,
,,,
,,,
,,,
,,,
,,,
,,,
,,,
,,,
,,,
,,,
,,,
,,,
,,,
,,,
,,,
,,,
,,,
,,,
,,,
,,,
,,,
,,,
,,,
,,,
,,,
,,,
,,,
,,,
,,,
,,,
,,,
,,,
,,,
,,,
,,,
,,,
,,,
,,,
,,,
,,,
,,,
,,,
,,,
,,,
,,,
,,,
,,,
,,,
,,,
,,,
,,,
,,,
,,,
,,,
,,,
,,,
,,,
,,,
,,,
,,,
,,,
,,,
,,,
,,,
,,,
,,,
,,,
,,,
,,,
,,,
,,,
,,,
,,,
,,,
,,,
,,,
,,,
,,,
,,,
,,,
,,,
,,,
,,,
,,,
,,,
,,,
,,,
,,,
,,,
,,,
,,,
,,,
,,,
,,,
,,,
,,,
,,,
,,,
,,,
,,,
,,,
,,,
,,,
,,,
,,,
,,,
,,,
,,,
,,,
,,,
,,,
,,,
,,,
,,,
,,,
,,,
,,,
,,,
,,,
,,,
,,,
,,,
,,,
,,,
,,,
,,,
,,,
,,,
,,,
,,,
,,,
,,,
,,,
,,,
,,,
,,,
,,,
,,,
,,,
,,,
,,,
,,,
,,,
,,,
,,,
,,,
,,,
,,,
,,,
,,,
,,,
,,,
,,,
,,,
,,,
,,,
,,,
,,,
,,,
,,,
,,,
,,,
,,,
,,,
,,,
,,,
,,,
,,,
,,,
,,,
,,,
,,,
,,,
,,,
,,,
,,,
,,,
,,,
,,,
,,,
,,,
,,,
,,,
,,,
,,,
,,,
,,,
,,,
,,,
,,,
,,,
,,,
,,,
,,,
,,,
,,,
,,,
,,,
,,,
,,,
,,,
,,,
,,,
,,,
,,,
,,,
,,,
,,,
,,,
,,,
,,,
,,,
,,,
,,,
,,,
,,,
,,,
,,,
,,,
,,,
,,,
,,,
,,,
,,,
,,,
,,,
,,,
,,,
,,,
,,,
,,,
,,,
,,,
,,,
,,,
,,,
,,,
,,,
,,,
,,,
,,,
,,,
,,,
,,,
,,,
,,,
,,,
,,,
,,,
,,,
,,,
,,,
,,,
,,,
,,,
,,,
,,,
,,,
,,,
,,,
,,,
,,,
,,,
,,,
,,,
,,,
,,,
,,,
,,,
,,,
,,,
,,,
,,,
,,,
,,,
,,,
,,,
,,,
,,,
,,,
,,,
,,,
,,,
,,,
,,,
,,,
,,,
,,,
,,,
,,,
,,,
,,,
,,,
,,,
,,,
,,,
,,,
,,,
,,,
,,,
,,,
,,,
,,,
,,,
,,,
,,,
,,,
,,,
,,,
,,,
,,,
,,,
,,,
,,,
,,,
,,,
,,,
,,,
,,,
,,,
,,,
,,,
,,,
,,,
,,,
,,,
,,,
,,,
,,,
,,,
,,,
,,,
,,,
,,,
,,,
,,,
,,,
,,,
,,,
,,,
,,,
,,,
,,,
,,,
,,,
,,,
,,,
,,,
,,,
,,,
,,,
,,,
,,,
,,,
,,,
,,,
,,,
,,,
,,,
,,,
,,,
,,,
,,,
,,,
,,,
,,,
,,,
,,,
,,,
,,,
,,,
,,,
,,,
,,,
,,,
,,,
,,,
,,,
,,,
,,,
,,,
,,,
,,,
,,,
,,,
,,,
,,,
,,,
,,,
,,,
,,,
,,,
,,,
,,,
,,,
,,,
,,,
,,,
,,,
,,,
,,,
,,,
,,,
,,,
,,,
,,,
,,,
,,,
,,,
,,,
,,,
,,,
,,,
,,,
,,,
,,,
,,,
,,,
,,,
,,,
,,,
,,,
,,,
,,,
,,,
,,,
,,,
,,,
,,,
,,,
,,,
,,,
,,,
,,,
,,,
,,,
,,,
,,,
,,,
,,,
,,,
,,,
,,,
,,,
,,,
,,,
,,,
,,,
,,,
,,,
,,,
,,,
,,,
,,,
,,,
,,,
,,,
,,,
,,,
,,,
,,,
,,,
,,,
,,,
,,,
,,,
,,,
,,,
,,,
,,,
,,,
,,,
,,,
,,,
,,,
,,,
,,,
,,,
,,,
,,,
,,,
,,,
,,,
,,,
,,,
,,,
,,,
,,,
,,,
,,,
,,,
,,,
,,,
,,,
,,,
,,,
,,,
,,,
,,,
,,,
,,,
,,,
,,,
,,,
,,,
,,,
,,,
,,,
,,,
,,,
,,,
,,,
,,,
,,,
,,,
,,,
,,,
,,,
,,,
,,,
,,,
,,,
,,,
,,,
,,,
,,,
,,,
,,,
,,,
,,,
,,,
,,,
,,,
,,,
,,,
,,,
,,,
,,,
,,,
,,,
,,,
,,,
,,,
,,,
,,,
,,,
,,,
,,,
,,,
,,,
,,,
,,,
,,,
,,,
,,,
,,,
,,,
,,,
,,,
,,,
,,,
,,,
,,,
,,,
,,,
,,,
,,,
,,,
,,,
,,,
,,,
,,,
,,,
,,,
,,,
,,,
,,,
,,,
,,,
,,,
,,,
,,,
,,,
,,,
,,,
,,,
,,,
,,,
,,,
,,,
,,,
,,,
,,,
,,,
,,,
,,,
,,,
,,,
,,,
,,,
,,,
,,,
,,,
,,,
,,,
,,,
,,,
,,,
,,,
,,,
,,,
,,,
,,,
,,,
,,,
,,,
,,,
,,,
,,,
,,,
,,,
,,,
,,,
,,,
,,,
,,,
,,,
,,,
,,,
,,,
,,,
,,,
,,,
,,,
,,,
,,,
,,,
,,,
,,,
,,,
,,,
,,,
,,,
,,,
,,,
,,,
,,,
,,,
,,,
,,,
,,,
,,,
,,,
,,,
,,,
,,,
,,,
,,,
,,,
,,,
,,,
,,,
,,,
,,,
,,,
,,,
,,,
,,,
,,,
,,,
,,,
,,,
,,,
,,,
,,,
,,,
,,,
,,,
,,,
,,,
,,,
,,,
,,,
,,,
,,,
,,,
,,,
,,,
,,,
,,,
,,,
,,,
,,,
,,,
,,,
,,,
,,,
,,,
,,,
,,,
,,,
,,,
,,,
,,,
,,,
,,,
,,,
,,,
,,,
,,,
,,,
,,,
,,,
,,,
,,,
,,,
,,,
,,,
,,,
,,,
,,,
,,,
,,,
,,,
,,,
,,,
,,,
,,,
,,,
,,,
,,,
,,,
,,,
,,,
,,,
,,,
,,,
,,,
,,,
,,,
,,,
,,,
,,,
,,,
,,,
,,,
,,,
,,,
,,,
,,,
,,,
,,,
,,,
,,,
,,,
,,,
,,,
,,,
,,,
,,,
,,,
,,,
,,,
,,,
,,,
,,,
,,,
,,,
,,,
,,,
,,,
,,,
,,,
,,,
,,,
,,,
,,,
,,,
,,,
,,,
,,,
,,,
,,,
,,,
,,,
,,,
,,,
,,,
,,,
,,,
,,,
,,,
,,,
,,,
,,,
,,,
,,,
,,,
,,,
,,,
,,,
,,,
,,,
,,,
,,,
,,,
,,,
,,,
,,,
,,,
,,,
,,,
,,,
,,,
,,,
,,,
,,,
,,,
,,,
,,,
,,,
,,,
,,,
,,,
,,,
,,,
,,,
,,,
,,,
,,,
,,,
,,,
,,,
,,,
,,,
,,,
,,,
,,,
,,,
,,,
,,,
,,,
,,,
,,,
,,,
,,,
,,,
,,,
,,,
,,,
,,,
,,,
,,,
,,,
,,,
,,,
,,,
,,,
,,,
,,,
,,,
,,,
,,,
,,,
,,,
,,,
,,,
,,,
,,,
,,,
,,,
,,,
,,,
,,,
,,,
,,,
,,,
,,,
,,,
,,,
,,,
,,,
,,,
,,,
,,,
,,,
,,,
,,,
,,,
,,,
,,,
,,,
,,,
,,,
,,,
,,,
,,,
,,,
,,,
,,,
,,,
,,,
,,,
,,,
,,,
,,,
,,,
,,,
,,,
,,,
,,,
,,,
,,,
,,,
,,,
,,,
,,,
,,,
,,,
,,,
,,,
,,,
,,,
,,,
,,,
,,,
,,,
,,,
,,,
,,,
,,,
,,,
,,,
,,,
,,,
,,,
,,,
,,,
,,,
,,,
,,,
,,,
,,,
,,,
,,,
,,,
,,,
,,,
,,,
,,,
,,,
,,,
,,,
,,,
,,,
,,,
,,,
,,,
,,,
,,,
,,,
,,,
,,,
,,,
,,,
,,,
,,,
,,,
,,,
,,,
,,,
,,,
,,,
,,,
,,,
,,,
,,,
,,,
,,,
,,,
,,,
,,,
,,,
,,,
,,,
,,,
,,,
,,,
,,,
,,,
,,,
,,,
,,,
,,,
,,,
,,,
,,,
,,,
,,,
,,,
,,,
,,,
,,,
,,,
,,,
,,,
,,,
,,,
,,,
,,,
,,,
,,,
,,,
,,,
,,,
,,,
,,,
,,,
,,,
,,,
,,,
,,,
,,,
,,,
,,,
,,,
,,,
,,,
,,,
,,,
,,,
,,,
,,,
,,,
,,,
,,,
,,,
,,,
,,,
,,,
,,,
,,,
,,,
,,,
,,,
,,,
,,,
,,,
,,,
,,,
,,,
,,,
,,,
,,,
,,,
,,,
,,,
,,,
,,,
,,,
,,,
,,,
,,,
,,,
,,,
,,,
,,,
,,,
,,,
,,,
,,,
,,,
,,,
,,,
,,,
,,,
,,,
,,,
,,,
,,,
,,,
,,,
,,,
,,,
,,,
,,,
,,,
,,,
,,,
,,,
,,,
,,,
,,,
,,,
,,,
,,,
,,,
,,,
,,,
,,,
,,,
,,,
,,,
,,,
,,,
,,,
,,,
,,,
,,,
,,,
,,,
,,,
,,,
,,,
,,,
,,,
,,,
,,,
,,,
,,,
,,,
,,,
,,,
,,,
,,,
,,,
,,,
,,,
,,,
,,,
,,,
,,,
,,,
,,,
,,,
,,,
,,,
,,,
,,,
,,,
,,,
,,,
,,,
,,,
,,,
,,,
,,,
,,,
,,,
,,,
,,,
,,,
,,,
,,,
,,,
,,,
,,,
,,,
,,,
,,,
,,,
,,,
,,,
,,,
,,,
,,,
,,,
,,,
,,,
,,,
,,,
,,,
,,,
,,,
,,,
,,,
,,,
,,,
,,,
,,,
,,,
,,,
,,,
,,,
,,,
,,,
,,,
,,,
,,,
,,,
,,,
,,,
,,,
,,,
,,,
,,,
,,,
,,,
,,,
,,,
